Date,Open,High,Low,Close,Adj_Close,Volume,Empty_col_H,MA_Price_200_day,MA_Price_50_day,MA_Price_20_day,MA_Price_10_day,MA_Volume_50_day
01/04/2021
12/31/2020
12/30/2020
12/29/2020
12/28/2020
12/24/2020
12/23/2020
12/22/2020
12/21/2020
12/18/2020
12/17/2020
12/16/2020
12/15/2020
12/14/2020
12/11/2020
12/10/2020
12/09/2020
12/08/2020
12/07/2020
12/04/2020
12/03/2020
12/02/2020
12/01/2020
11/30/2020
11/27/2020
11/25/2020
11/24/2020
11/23/2020
11/20/2020
11/19/2020
11/18/2020
11/17/2020
11/16/2020
11/13/2020
11/12/2020
11/11/2020
11/10/2020
11/09/2020
11/06/2020
11/05/2020
11/04/2020
11/03/2020
11/02/2020
10/30/2020
10/29/2020
10/28/2020
10/27/2020
10/26/2020
10/23/2020
10/22/2020
10/21/2020
10/20/2020
10/19/2020
10/16/2020
10/15/2020
10/14/2020
10/13/2020
10/12/2020
10/09/2020
10/08/2020
10/07/2020
10/06/2020
10/05/2020
10/02/2020
10/01/2020
09/30/2020
09/29/2020
09/28/2020
09/25/2020
09/24/2020
09/23/2020
09/22/2020
09/21/2020
09/18/2020
09/17/2020
09/16/2020
09/15/2020
09/14/2020
09/11/2020
09/10/2020
09/09/2020
09/08/2020
09/04/2020
09/03/2020
09/02/2020
09/01/2020
08/31/2020
08/28/2020
08/27/2020
08/26/2020
08/25/2020
08/24/2020
08/21/2020
08/20/2020
08/19/2020
08/18/2020
08/17/2020
08/14/2020
08/13/2020
08/12/2020
08/11/2020
08/10/2020
08/07/2020
08/06/2020
08/05/2020
08/04/2020
08/03/2020
07/31/2020
07/30/2020
07/29/2020
07/28/2020
07/27/2020
07/24/2020
07/23/2020
07/22/2020
07/21/2020
07/20/2020
07/17/2020
07/16/2020
07/15/2020
07/14/2020
07/13/2020
07/10/2020
07/09/2020
07/08/2020
07/07/2020
07/06/2020
07/02/2020
07/01/2020
06/30/2020
06/29/2020
06/26/2020
06/25/2020
06/24/2020
06/23/2020
06/22/2020
06/19/2020
06/18/2020
06/17/2020
06/16/2020
06/15/2020
06/12/2020
06/11/2020
06/10/2020
06/09/2020
06/08/2020
06/05/2020
06/04/2020
06/03/2020
06/02/2020
06/01/2020
05/29/2020
05/28/2020
05/27/2020
05/26/2020
05/22/2020
05/21/2020
05/20/2020
05/19/2020
05/18/2020
05/15/2020
05/14/2020
05/13/2020
05/12/2020
05/11/2020
05/08/2020
05/07/2020
05/06/2020
05/05/2020
05/04/2020
05/01/2020
04/30/2020
04/29/2020
04/28/2020
04/27/2020
04/24/2020
04/23/2020
04/22/2020
04/21/2020
04/20/2020
04/17/2020
04/16/2020
04/15/2020
04/14/2020
04/13/2020
04/09/2020
04/08/2020
04/07/2020
04/06/2020
04/03/2020
04/02/2020
04/01/2020
03/31/2020
03/30/2020
03/27/2020
03/26/2020
03/25/2020
03/24/2020
03/23/2020
03/20/2020
03/19/2020
03/18/2020
03/17/2020,3.450000,5.310000,3.450000,4.350000,4.350000,4882428,-,13.924148,6.912200,5.089000,3.894000,2454148.56
03/16/2020,2.770000,3.540000,2.730000,3.450000,3.450000,2740300,-,14.018072,7.026000,5.240500,3.968000,2396828.00
03/13/2020,2.800000,3.490000,2.640000,3.490000,3.490000,3085200,-,14.117233,7.156800,5.440500,4.136000,2442564.00
03/12/2020,2.600000,2.860000,2.510000,2.580000,2.580000,2254400,-,14.220177,7.269400,5.654500,4.371000,2425780.00
03/11/2020,3.630000,3.655000,2.770000,2.850000,2.850000,2516900,-,14.329640,7.400800,5.911500,4.707000,2407016.00
03/10/2020,4.120000,4.180000,3.500000,3.780000,3.780000,3229300,-,14.438342,7.534600,6.172500,4.972000,2381892.00
03/09/2020,3.900000,4.170000,3.620000,3.760000,3.760000,3281800,-,14.539689,7.645800,6.399000,5.239000,2334744.00
03/06/2020,4.800000,4.970000,4.500000,4.650000,4.650000,1786000,-,14.645366,7.753800,6.636000,5.532000,2290540.00
03/05/2020,5.020000,5.040000,4.690000,4.910000,4.910000,1986100,-,14.752593,7.841800,6.851000,5.761000,2312424.00
03/04/2020,5.150000,5.510000,4.900000,5.120000,5.120000,2610900,-,14.858618,7.924400,7.071000,6.023000,2384374.00
03/03/2020,5.160000,5.300000,4.900000,5.090000,5.090000,3429800,-,14.963251,8.003800,7.185500,6.284000,2385400.00
03/02/2020,5.890000,5.970000,4.905000,5.130000,5.130000,2946500,-,15.075372,8.095000,7.270500,6.513000,2350302.00
02/28/2020,5.620000,6.220000,5.590000,5.840000,5.840000,3798700,-,15.188712,8.184000,7.352000,6.745000,2337354.00
02/27/2020,5.410000,5.980000,5.030000,5.940000,5.940000,2719300,-,15.298551,8.273600,7.409000,6.938000,2295246.00
02/26/2020,6.450000,6.450000,5.470000,5.500000,5.500000,2435300,-,15.403585,8.356800,7.458000,7.116000,2298612.00
02/25/2020,6.710000,6.710000,6.185000,6.450000,6.450000,2093000,-,15.520897,8.449400,7.530500,7.373000,2288870.00
02/24/2020,6.680000,7.030000,6.330000,6.690000,6.690000,1647000,-,15.630670,8.517600,7.581000,7.559000,2267866.00
02/21/2020,7.490000,7.490000,6.790000,6.940000,6.940000,2493100,-,15.735574,8.582000,7.620000,7.740000,2255792.00
02/20/2020,7.700000,7.850000,7.440000,7.530000,7.530000,1770100,-,15.842604,8.640600,7.654000,7.941000,2227606.00
02/19/2020,7.390000,7.770000,7.350000,7.730000,7.730000,1759800,-,15.947808,8.682600,7.674000,8.119000,2219368.00
02/18/2020,7.340000,7.460000,7.000000,7.380000,7.380000,2213400,-,16.051084,8.712600,7.692500,8.087000,2216086.00
02/14/2020,7.760000,7.850000,7.380000,7.450000,7.450000,1130900,-,16.149162,8.746000,7.752000,8.028000,2202620.00
02/13/2020,7.670000,7.770000,7.450000,7.770000,7.770000,1287400,-,16.244787,8.779000,7.814000,7.959000,2217340.00
02/12/2020,8.220000,8.470000,7.640000,7.720000,7.720000,2058400,-,16.346688,8.805000,7.847000,7.880000,2230280.00
02/11/2020,8.470000,8.540000,8.050000,8.070000,8.070000,1767900,-,16.454368,8.844200,7.911000,7.800000,2202244.00
02/10/2020,8.420000,8.530000,8.100000,8.310000,8.310000,2230300,-,16.562548,8.876800,7.959500,7.688000,2185670.00
02/07/2020,8.890000,8.940000,8.240000,8.500000,8.500000,2318500,-,16.664831,8.902600,7.975000,7.603000,2172762.00
02/06/2020,9.450000,9.450000,8.380000,8.950000,8.950000,3733000,-,16.768366,8.929000,8.000500,7.500000,2157424.00
02/05/2020,7.060000,9.870000,7.060000,9.310000,9.310000,9613500,-,16.869210,8.939000,8.014500,7.367000,2117696.00
02/04/2020,6.950000,7.490000,6.910000,7.410000,7.410000,3319800,-,16.964488,8.933200,8.023000,7.229000,1947562.00
02/03/2020,6.750000,6.880000,6.500000,6.790000,6.790000,1401200,-,17.067455,8.964200,8.148000,7.298000,1914658.00
01/31/2020,6.850000,6.850000,6.450000,6.760000,6.760000,1991800,-,17.171762,9.009600,8.310500,7.476000,1912138.00
01/30/2020,6.820000,7.200000,6.810000,6.980000,6.980000,1262000,-,17.275386,9.054200,8.472000,7.669000,1900056.00
01/29/2020,6.950000,7.000000,6.490000,6.920000,6.920000,2179500,-,17.377617,9.104800,8.579000,7.814000,1902844.00
01/28/2020,7.480000,7.540000,6.940000,6.950000,6.950000,1957300,-,17.484649,9.159400,8.690500,8.022000,1880682.00
01/27/2020,7.250000,7.520000,7.000000,7.460000,7.460000,1567100,-,17.587225,9.214400,8.820000,8.231000,1873880.00
01/24/2020,7.540000,7.640000,7.275000,7.470000,7.470000,2004300,-,17.686616,9.257800,8.914000,8.347000,1870440.00
01/23/2020,7.820000,7.880000,7.480000,7.620000,7.620000,2891200,-,17.783951,9.318600,8.998500,8.501000,1855452.00
01/22/2020,8.110000,8.110000,7.660000,7.930000,7.930000,2293000,-,17.883226,9.379000,9.070000,8.662000,1822200.00
01/21/2020,8.470000,8.520000,7.870000,8.100000,8.100000,1954500,-,17.980512,9.437600,9.125500,8.817000,1801764.00
01/17/2020,8.770000,8.860000,8.470000,8.570000,8.570000,1842800,-,18.077192,9.493000,9.175000,8.998000,1794108.00
01/16/2020,8.610000,8.990000,8.560000,8.690000,8.690000,1667200,-,18.167608,9.537600,9.229000,9.145000,1788138.00
01/15/2020,8.990000,9.070000,8.350000,8.430000,8.430000,2580100,-,18.261680,9.572000,9.273500,9.275000,1783488.00
01/14/2020,9.000000,9.340000,8.800000,9.000000,9.000000,2306600,-,18.359792,9.607800,9.368000,9.344000,1796762.00
01/13/2020,8.600000,9.420000,8.530000,9.040000,9.040000,2131300,-,18.453391,9.638400,9.423000,9.359000,1810778.00
01/10/2020,8.920000,9.000000,8.600000,8.620000,8.620000,1905100,-,18.546936,9.694400,9.477500,9.409000,1817570.00
01/09/2020,9.040000,9.155000,8.500000,9.010000,9.010000,2009700,-,18.641554,9.771600,9.539500,9.481000,1868170.00
01/08/2020,9.500000,9.770000,8.950000,9.230000,9.230000,2306200,-,18.735347,9.909300,9.584500,9.496000,1847164.00
01/07/2020,9.710000,9.960000,9.250000,9.480000,9.480000,1790900,-,18.828285,10.037051,9.616500,9.478000,1818878.00
01/06/2020,9.990000,10.250000,9.840000,9.910000,9.910000,1526600,-,18.922517,10.160792,9.624000,9.434000,1794782.00
01/03/2020,10.050000,10.320000,9.785000,10.040000,10.040000,2016400,-,19.019785,10.285249,9.590000,9.352000,1778464.00
01/02/2020,9.280000,10.610000,9.280000,9.990000,9.990000,5027100,-,19.114348,10.398781,9.540500,9.313000,1753542.00
12/31/2019,9.150000,9.250000,9.000000,9.120000,9.120000,2246000,-,19.211117,10.501819,9.496000,9.272000,1666004.00
12/30/2019,9.560000,9.618000,9.140000,9.150000,9.150000,1316200,-,19.311797,10.624635,9.493500,9.392000,1636768.00
12/27/2019,9.410000,9.690000,9.350000,9.540000,9.540000,1260700,-,19.410027,10.758147,9.520000,9.487000,1620562.00
12/26/2019,9.200000,9.540000,9.180000,9.340000,9.340000,871900,-,19.503959,10.878707,9.528000,9.546000,1607204.00
12/24/2019,9.100000,9.170000,8.910000,9.160000,9.160000,1071600,-,19.601777,11.005447,9.541000,9.598000,1602316.00
12/23/2019,9.140000,9.280000,8.750000,9.050000,9.050000,2880200,-,19.698636,11.128057,9.574000,9.673000,1594536.00
12/20/2019,9.140000,9.225000,8.970000,9.040000,9.040000,5583600,-,19.795018,11.254453,9.594000,9.755000,1565824.00
12/19/2019,9.690000,9.780000,9.080000,9.090000,9.090000,2662200,-,19.890716,11.366184,9.593000,9.814000,1469432.00
12/18/2019,9.500000,9.750000,9.130000,9.650000,9.650000,1674900,-,19.989842,11.470177,9.586500,9.828000,1426668.00
12/17/2019,10.240000,10.340000,9.390000,9.580000,9.580000,2299100,-,20.086857,11.555439,9.557000,9.768000,1408354.00
12/16/2019,10.160000,10.680000,10.150000,10.320000,10.320000,1693300,-,20.185188,11.651019,9.527500,9.720000,1373692.00
12/13/2019,10.110000,10.600000,10.100000,10.100000,10.100000,2887600,-,20.277198,11.735763,9.487000,9.595000,1352986.00
12/12/2019,9.920000,10.220000,9.720000,10.130000,10.130000,1948200,-,20.374767,11.821141,9.464500,9.553000,1306690.00
12/11/2019,9.910000,10.110000,9.635000,9.860000,9.860000,1042800,-,20.465935,11.906118,9.443000,9.510000,1288726.00
12/10/2019,9.870000,9.950000,9.670000,9.910000,9.910000,1043300,-,20.563049,11.992134,9.431500,9.484000,1288170.00
12/09/2019,9.630000,9.980000,9.630000,9.870000,9.870000,1083800,-,20.653845,12.085673,9.461500,9.475000,1291328.00
12/06/2019,9.270000,9.720000,9.240000,9.630000,9.630000,1358200,-,20.745163,12.184570,9.500000,9.433000,1280910.00
12/05/2019,9.140000,9.355000,8.980000,9.230000,9.230000,1595700,-,20.839566,12.288862,9.561500,9.372000,1265150.00
12/04/2019,9.190000,9.190000,8.770000,9.050000,9.050000,1540100,-,20.930407,12.401352,9.643500,9.345000,1253994.00
12/03/2019,8.970000,9.250000,8.650000,9.100000,9.100000,1866900,-,21.027848,12.507730,9.731000,9.346000,1250432.00
12/02/2019,9.740000,9.900000,8.880000,9.070000,9.070000,1934400,-,21.125360,12.623613,9.796500,9.335000,1237936.00
11/29/2019,9.700000,9.880000,9.430000,9.680000,9.680000,656600,-,21.222701,12.749410,9.854000,9.379000,1254462.00
11/27/2019,9.550000,9.850000,9.500000,9.700000,9.700000,939200,-,21.315573,12.893331,9.896500,9.376000,1258932.00
11/26/2019,9.850000,10.300000,9.530000,9.600000,9.600000,1584900,-,21.409398,13.044582,10.003500,9.376000,1258732.00
11/25/2019,9.490000,9.970000,9.275000,9.820000,9.820000,1551600,-,21.500289,13.219634,10.147500,9.379000,1243446.00
11/22/2019,9.090000,9.780000,9.000000,9.450000,9.450000,1746600,-,21.586876,13.395438,10.451250,9.448000,1229144.00
11/21/2019,8.940000,9.125000,8.790000,9.020000,9.020000,1106800,-,21.675724,13.568337,10.759627,9.567000,1225618.00
11/20/2019,8.930000,9.250000,8.825000,8.960000,8.960000,1674600,-,21.772033,13.752016,11.091981,9.751000,1225490.00
11/19/2019,9.060000,9.140000,8.650000,9.060000,9.060000,1275200,-,21.873953,13.940065,11.450622,9.942000,1217594.00
11/18/2019,9.540000,9.560000,8.760000,8.990000,8.990000,1387700,-,21.992768,14.128494,11.783454,10.116000,1223230.00
11/15/2019,9.650000,9.740000,9.200000,9.510000,9.510000,1401400,-,22.110239,14.304845,12.091047,10.258000,1222048.00
11/14/2019,9.740000,9.910000,9.530000,9.650000,9.650000,1071400,-,22.226438,14.449787,12.378586,10.329000,1224040.00
11/13/2019,9.500000,9.790000,9.300000,9.700000,9.700000,1617200,-,22.341616,14.584993,12.687368,10.417000,1247586.00
11/12/2019,10.530000,10.630000,9.630000,9.630000,9.630000,1395100,-,22.458788,14.759630,12.980767,10.631000,1236706.00
11/11/2019,10.500000,10.680000,10.400000,10.510000,10.510000,1254900,-,22.572235,14.931506,13.283117,10.916000,1223304.00
11/08/2019,10.780000,11.050000,10.630000,10.640000,10.640000,1228600,-,22.683022,15.086573,13.522142,11.454500,1209484.00
11/07/2019,10.940000,11.100000,10.570000,10.860000,10.860000,1271200,-,22.792060,15.229925,13.758632,11.952253,1195844.00
11/06/2019,10.790000,11.055000,10.610000,10.870000,10.870000,1571700,-,22.897847,15.357777,13.946961,12.432961,1184898.00
11/05/2019,10.470000,10.950000,10.439000,10.800000,10.800000,1544300,-,23.001432,15.485033,14.117943,12.959244,1167056.00
11/04/2019,10.430000,10.830000,10.315000,10.410000,10.410000,1434700,-,23.103444,15.623995,14.273597,13.450907,1146770.00
11/01/2019,10.580000,10.900000,10.120000,10.220000,10.220000,3243800,-,23.210153,15.762829,14.471047,13.924094,1132596.00
10/31/2019,11.510000,11.640000,10.200000,10.530000,10.530000,3007400,-,23.315340,15.918940,14.687908,14.428173,1085258.00
10/30/2019,11.970000,12.720000,11.545000,11.840000,11.840000,2470900,-,23.411881,16.097986,14.879854,14.957736,1038344.00
10/29/2019,14.400000,15.140000,12.410000,12.480000,12.480000,4435100,-,23.497066,16.244687,15.006795,15.330534,1003982.00
10/28/2019,15.810000,16.400000,15.770000,16.040001,15.895001,959400,-,23.582484,16.380075,15.090836,15.650233,937656.00
10/25/2019,15.750000,16.209999,15.400000,15.760000,15.617532,891900,-,23.649133,16.439491,15.025433,15.589785,939392.00
10/24/2019,16.469999,16.570000,15.670000,15.810000,15.667080,586100,-,23.717490,16.498554,14.985299,15.565011,939314.00
10/23/2019,15.890000,16.750000,15.560000,16.280001,16.132832,710700,-,23.784501,16.545610,14.944174,15.460960,952882.00
10/22/2019,15.250000,15.910000,15.250000,15.860000,15.716627,770300,-,23.846802,16.592597,14.880257,15.276641,960260.00
10/21/2019,15.580000,16.040001,15.250000,15.280000,15.141870,650200,-,23.907751,16.641023,14.812872,15.096286,961660.00
10/18/2019,15.880000,16.059999,15.160000,15.400000,15.260785,784200,-,23.976152,16.694846,14.800485,15.018001,968518.00
10/17/2019,15.890000,16.100000,15.650000,15.970000,15.825633,505900,-,24.039151,16.753568,14.805440,14.947642,979938.00
10/16/2019,15.680000,16.110001,15.580000,15.710000,15.567984,592800,-,24.102622,16.784470,14.857961,14.801971,995248.00
10/15/2019,15.270000,16.055000,15.250000,15.820000,15.676989,627500,-,24.164314,16.825048,14.942688,14.683056,1010646.00
10/14/2019,15.220000,15.585000,15.030000,15.430000,15.290515,682600,-,24.225462,16.866595,15.076467,14.531439,1025040.00
10/11/2019,15.080000,15.750000,14.935000,15.510000,15.369792,1444600,-,24.288724,16.923149,15.242453,14.461081,1041040.00
10/10/2019,14.580000,15.110000,14.580000,14.760000,14.626572,764000,-,24.351911,16.981856,15.378710,14.405587,1059442.00
10/09/2019,14.170000,14.530000,14.170000,14.420000,14.289645,524000,-,24.414556,17.103624,15.557578,14.427388,1090928.00
10/08/2019,14.340000,14.390000,13.900000,14.040000,13.913080,759200,-,24.480077,17.252984,15.761221,14.483873,1106942.00
10/07/2019,14.740000,14.800000,14.480000,14.490000,14.359012,566000,-,24.549769,17.408301,15.989637,14.529457,1104212.00
10/04/2019,14.530000,14.780000,14.240000,14.690000,14.557203,658000,-,24.620344,17.569257,16.162064,14.582969,1104660.00
10/03/2019,14.320000,14.670000,14.180000,14.500000,14.368921,572800,-,24.690112,17.723692,16.272061,14.663237,1102514.00
10/02/2019,14.130000,14.750000,13.890000,14.510000,14.378832,1050000,-,24.761324,17.900188,16.374130,14.913950,1102254.00
10/01/2019,14.750000,15.310000,14.060000,14.290000,14.160820,1015000,-,24.828962,18.073731,16.576781,15.202319,1097754.00
09/30/2019,14.880000,15.040000,14.460000,14.720000,14.586933,1201200,-,24.906892,18.243176,16.779928,15.621495,1096788.00
09/27/2019,14.920000,15.320000,14.880000,14.950000,14.814854,562900,-,24.978616,18.398786,16.963751,16.023825,1088068.00
09/26/2019,14.900000,15.050000,14.680000,14.980000,14.844583,570200,-,25.047553,18.547281,17.113386,16.351833,1088630.00
09/25/2019,14.490000,15.290000,14.420000,14.990000,14.854492,1037900,-,25.116067,18.699903,17.233787,16.687769,1089980.00
09/24/2019,14.900000,15.600000,14.200000,14.500000,14.368921,1362000,-,25.183570,18.854884,17.352703,17.038568,1087402.00
09/23/2019,15.420000,15.650000,14.950000,15.030000,14.894131,1242100,-,25.252127,19.019970,17.521661,17.449817,1070000.00
09/20/2019,16.730000,16.910000,15.320000,15.500000,15.359882,2760700,-,25.327397,19.179272,17.644540,17.741159,1059368.00
09/19/2019,17.540001,17.730000,16.950001,17.030001,16.876051,880100,-,25.401162,19.323752,17.777824,17.880884,1020200.00
09/18/2019,18.160000,18.330000,16.905001,17.420000,17.262526,929200,-,25.459336,19.442630,17.908136,17.834309,1020088.00
09/17/2019,18.400000,19.059999,17.809999,18.520000,18.352581,820600,-,25.515622,19.548270,18.003763,17.951242,1017456.00
09/16/2019,19.000000,19.200001,18.629000,18.780001,18.610231,836500,-,25.567649,19.648437,18.048604,17.938360,1013762.00
09/13/2019,18.510000,18.645000,18.230000,18.260000,18.094933,1570300,-,25.612345,19.738532,18.061382,17.903676,1020508.00
09/12/2019,18.340000,19.160000,18.250000,18.370001,18.203938,1100400,-,25.660303,19.828704,18.085171,17.874938,1001584.00
09/11/2019,18.840000,19.290001,18.200001,18.530001,18.362492,1279800,-,25.712066,19.916106,18.075968,17.779806,991388.00
09/10/2019,18.129999,19.020000,18.100000,18.650000,18.481405,1557000,-,25.768163,20.024534,18.081952,17.666837,980430.00
09/09/2019,16.910000,18.000000,16.780001,17.969999,17.807552,1328600,-,25.822750,20.129010,18.064778,17.593506,988772.00
09/06/2019,16.590000,17.219999,16.440001,16.910000,16.757135,1501000,-,25.891464,20.224339,18.066050,17.547922,977600.00
09/05/2019,18.709999,18.775000,16.410000,16.559999,16.410299,2248700,-,25.969184,20.341661,18.138039,17.674764,960894.00
09/04/2019,18.750000,18.860001,18.530001,18.600000,18.431858,1073200,-,26.048455,20.461984,18.186059,17.981962,929542.00
09/03/2019,18.010000,18.490000,17.879999,18.389999,18.223757,725000,-,26.119725,20.561746,18.144312,18.056284,929914.00
08/30/2019,18.190001,18.719999,18.190001,18.430000,18.263395,563900,-,26.194781,20.665670,18.120839,18.158849,949948.00
08/29/2019,17.639999,18.084999,17.639999,17.969999,17.807552,546600,-,26.265610,20.762899,18.113581,18.219088,954488.00
08/28/2019,17.360001,17.760000,17.270000,17.410000,17.252615,723900,-,26.337804,20.865507,18.138460,18.295403,968764.00
08/27/2019,18.010000,18.350000,17.299999,17.389999,17.232796,679600,-,26.415152,20.962493,18.311579,18.372129,965722.00
08/26/2019,17.650000,18.030001,17.389999,17.910000,17.748096,530000,-,26.492966,21.053383,18.537821,18.497068,984652.00
08/23/2019,17.900000,18.020000,17.100000,17.510000,17.351711,726000,-,26.565823,21.126098,18.734363,18.536050,983090.00
08/22/2019,19.570000,19.900000,18.135000,18.190001,18.025564,876900,-,26.638601,21.216970,18.987118,18.584178,984076.00
08/21/2019,19.549999,19.889999,19.445000,19.660000,19.482275,661700,-,26.706317,21.299481,19.199787,18.601314,974872.00
08/20/2019,19.209999,19.520000,18.629999,19.350000,19.175079,752800,-,26.765238,21.369578,19.385358,18.390156,972342.00
08/19/2019,18.830000,19.709999,18.670000,19.570000,19.249401,1118800,-,26.831647,21.450737,19.579405,18.232340,966428.00
08/16/2019,18.969999,19.410000,18.870001,19.180000,18.865789,1046200,-,26.895898,21.527263,19.748587,18.082830,951022.00
08/15/2019,18.299999,18.945000,18.240000,18.879999,18.570704,888000,-,26.956163,21.606936,19.923671,18.008075,939346.00
08/14/2019,18.219999,18.889999,18.170000,18.320000,18.019878,1264500,-,27.022919,21.696052,20.107116,17.981517,931492.00
08/13/2019,18.410000,19.580000,18.219999,18.790001,18.482180,1079600,-,27.093022,21.809758,20.329905,18.251029,929032.00
08/12/2019,18.049999,18.469999,17.900000,18.440001,18.137915,840300,-,27.155797,21.906546,20.535973,18.578573,920984.00
08/09/2019,18.459999,18.510000,17.980000,18.129999,17.832991,993100,-,27.227498,22.006481,20.760238,18.932676,922542.00
08/08/2019,17.790001,18.730000,17.790001,18.500000,18.196930,1355200,-,27.301135,22.115466,21.011552,19.390058,915860.00
08/07/2019,17.309999,17.740000,17.200001,17.660000,17.370689,1271400,-,27.372314,22.233107,21.230899,19.798259,910144.00
08/06/2019,17.940001,18.240000,17.559999,17.889999,17.596922,1362700,-,27.448992,22.375141,21.503361,20.380561,902090.00
08/05/2019,17.830000,18.290001,17.660000,18.049999,17.754301,1347200,-,27.525633,22.515012,21.750741,20.926469,888802.00
08/02/2019,18.400000,18.650000,18.090000,18.420000,18.118240,1482600,-,27.602810,22.640915,22.031072,21.414344,888440.00
08/01/2019,20.809999,20.920000,17.850000,18.610001,18.305128,2364700,-,27.672831,22.776458,22.280911,21.839267,877564.00
07/31/2019,22.120001,22.780001,20.719999,21.059999,20.714991,2338300,-,27.741097,22.932263,22.495831,22.232714,839362.00
07/30/2019,21.799999,22.540001,21.430000,22.120001,21.757627,1324700,-,27.797634,23.040264,22.588783,22.408781,799552.00
07/29/2019,22.809999,22.990000,21.990000,22.040001,21.678938,622700,-,27.844715,23.126043,22.690096,22.493372,785376.00
07/26/2019,22.660000,22.920000,22.520000,22.780001,22.406815,588400,-,27.899077,23.242749,22.791409,22.587800,779664.00
07/25/2019,23.549999,23.709999,22.620001,22.650000,22.278942,550700,-,27.954587,23.350572,22.799769,22.633046,774614.00
07/24/2019,23.240000,23.730000,23.235001,23.580000,23.193708,559800,-,28.008730,23.461149,22.816983,22.663538,780344.00
07/23/2019,23.290001,23.629999,23.059999,23.440001,23.056002,825000,-,28.054651,23.536210,22.778622,22.626161,781318.00
07/22/2019,22.690001,23.379999,22.690001,23.010000,22.633047,966700,-,28.103769,23.654337,22.796819,22.575013,775388.00
07/19/2019,22.530001,22.900000,22.530001,22.740000,22.367470,765200,-,28.154363,23.769769,22.836163,22.647800,766716.00
07/18/2019,22.610001,22.900000,22.520000,22.610001,22.239599,591000,-,28.204963,23.875836,22.874032,22.722555,763152.00
07/17/2019,23.010000,23.150000,22.480000,22.850000,22.475666,637700,-,28.256293,23.997963,22.908951,22.758949,759962.00
07/16/2019,22.780001,23.379999,22.570000,22.980000,22.603537,909000,-,28.331706,24.119869,22.890262,22.768785,759504.00
07/15/2019,23.340000,23.520000,22.920000,23.000000,22.623211,491900,-,28.409901,24.235500,22.848950,22.886820,755580.00
07/12/2019,22.879999,23.490000,22.879999,23.240000,22.859278,710500,-,28.489912,24.322949,22.786982,22.995018,766668.00
07/11/2019,23.190001,23.190001,22.370001,22.959999,22.583864,802300,-,28.567695,24.397262,22.738785,22.966493,781582.00
07/10/2019,23.070000,23.430000,23.000000,23.200001,22.819935,874500,-,28.646352,24.508590,22.717145,22.970427,787550.00
07/09/2019,23.500000,23.620001,22.299999,22.920000,22.544521,797600,-,28.723054,24.637309,22.725506,22.931082,787830.00
07/08/2019,23.459999,24.250000,23.459999,23.750000,23.360924,635900,-,28.807016,24.780539,22.759933,23.018624,785044.00
07/05/2019,22.950001,23.650000,22.790001,23.500000,23.115019,1173800,-,28.886258,24.888654,22.745670,23.024526,788418.00
07/03/2019,23.010000,23.350000,22.850000,22.980000,22.603537,624100,-,28.963810,25.010493,22.732391,23.025510,783378.00
07/02/2019,24.270000,24.330000,22.905001,22.950001,22.574028,590600,-,29.050350,25.140801,22.753539,23.058953,784550.00
07/01/2019,24.280001,24.559999,24.000000,24.180000,23.783880,731900,-,29.137493,25.256630,22.810097,23.011739,783982.00
06/28/2019,23.059999,24.110001,22.990000,24.100000,23.705191,1974100,-,29.219590,25.341022,22.786982,22.811081,783948.00
06/27/2019,23.110001,23.240000,22.790001,22.950001,22.574028,770000,-,29.298342,25.419943,22.758457,22.578947,752986.00
06/26/2019,22.990000,23.500000,22.930000,23.000000,22.623211,665700,-,29.379374,25.518161,22.793867,22.511077,749684.00
06/25/2019,23.860001,23.860001,22.780001,22.799999,22.426485,681100,-,29.460344,25.614220,22.866655,22.463864,753482.00
06/24/2019,23.900000,24.350000,23.799999,23.809999,23.419941,1091800,-,29.541247,25.732218,22.968951,22.519930,758910.00
06/21/2019,23.430000,24.219999,23.430000,23.809999,23.419941,1726700,-,29.614858,25.813125,23.027477,22.501241,751824.00
06/20/2019,23.600000,23.950001,23.420000,23.510000,23.124855,790900,-,29.686189,25.891489,23.058952,22.466814,730448.00
06/19/2019,23.500000,23.990000,23.280001,23.320000,22.937967,1260400,-,29.758949,25.967731,23.147478,22.439273,736762.00
06/18/2019,22.250000,23.240000,22.100000,22.469999,22.101891,571800,-,29.830182,26.058474,23.305349,22.448126,720580.00
06/17/2019,21.690001,22.190001,21.420000,22.139999,21.777298,1626100,-,29.907920,26.164177,23.506007,22.608456,726246.00
06/14/2019,22.160000,22.230000,21.639999,21.740000,21.383850,451900,-,29.989288,26.277351,23.719470,22.762884,716352.00
06/13/2019,22.930000,22.950001,22.190001,22.260000,21.895334,775300,-,30.073901,26.382738,24.025990,22.937968,725314.00
06/12/2019,23.030001,23.709999,22.490000,22.520000,22.151073,416700,-,30.155864,26.494921,24.321123,23.076658,726480.00
06/11/2019,23.820000,24.045000,23.340000,23.370001,22.987150,535200,-,30.237324,26.612947,24.603959,23.269447,730302.00
06/10/2019,23.520000,23.820000,23.420000,23.620001,23.233053,457100,-,30.317659,26.707599,24.801939,23.417973,737080.00
06/07/2019,23.240000,23.570000,23.010000,23.459999,23.075672,348500,-,30.397038,26.797919,25.088404,23.553712,742230.00
06/06/2019,23.370001,23.719999,23.100000,23.230000,22.849442,462400,-,30.473191,26.887278,25.354853,23.651090,750582.00
06/05/2019,23.959999,24.000000,23.170000,23.410000,23.026493,495300,-,30.549108,26.985662,25.595921,23.855683,760918.00
06/04/2019,23.850000,24.440001,23.690001,24.100000,23.705191,1141500,-,30.622497,27.081483,25.861893,24.162572,763460.00
06/03/2019,23.610001,24.020000,23.530001,23.709999,23.321577,677200,-,30.689574,27.173907,26.105183,24.403558,754318.00
05/31/2019,23.370001,23.590000,23.120001,23.520000,23.134691,918200,-,30.766413,27.294746,26.358358,24.676056,752634.00
05/30/2019,24.430000,24.670000,23.635000,23.670000,23.282234,659000,-,30.844733,27.411104,26.551407,25.114012,752260.00
05/29/2019,24.290001,24.660000,24.090000,24.480000,24.078964,1069400,-,30.926101,27.532339,26.716042,25.565589,752236.00
05/28/2019,25.030001,25.320000,24.790001,24.879999,24.472410,868700,-,31.004351,27.635878,26.919606,25.938471,744454.00
05/24/2019,24.740000,25.139999,24.520000,25.000000,24.590445,698300,-,31.082140,27.722350,27.158780,26.185904,757588.00
05/23/2019,24.840000,25.190001,24.237000,24.450001,24.049456,1329100,-,31.156374,27.797068,27.414558,26.623097,764268.00
05/22/2019,26.209999,26.420000,25.180000,25.309999,24.895367,938800,-,31.232355,27.894153,27.650419,27.058616,757658.00
05/21/2019,26.770000,27.190001,26.480000,26.530001,26.095381,454600,-,31.304106,27.966882,27.866000,27.336160,752018.00
05/20/2019,26.549999,26.879999,26.309999,26.690001,26.115053,347800,-,31.370861,28.011502,28.017177,27.561215,759222.00
05/17/2019,27.850000,27.860001,26.530001,26.620001,26.046562,615900,-,31.434280,28.052793,28.129700,27.806809,772502.00
05/16/2019,28.590000,28.850000,28.030001,28.120001,27.514248,337100,-,31.497243,28.110164,28.227546,28.040660,778112.00
05/15/2019,28.129999,28.559999,27.959999,28.410000,27.798002,335900,-,31.552731,28.140940,28.234395,27.988802,788410.00
05/14/2019,27.709999,28.610001,27.591000,28.420000,27.807787,837200,-,31.613394,28.169902,28.218739,27.866495,792626.00
05/13/2019,29.100000,29.129999,27.360001,27.540001,26.946743,608500,-,31.674598,28.188187,28.199660,27.900741,791606.00
05/10/2019,29.120001,29.610001,28.740000,29.600000,28.962368,528500,-,31.736289,28.241529,28.268641,28.131657,796880.00
05/09/2019,28.129999,29.160000,28.025000,29.030001,28.404648,533100,-,31.789265,28.229552,28.193789,28.206020,808972.00
05/08/2019,28.860001,28.990000,28.270000,28.280001,27.670803,587000,-,31.844666,28.247116,28.140463,28.242222,816256.00
05/07/2019,28.930000,29.160000,28.639999,28.969999,28.345940,431500,-,31.907920,28.255086,28.103771,28.395840,818094.00
05/06/2019,28.430000,29.420000,28.430000,29.200001,28.570986,614800,-,31.966661,28.250840,28.060229,28.473138,818638.00
05/03/2019,27.870001,29.150000,27.760000,29.010000,28.385077,712800,-,32.027141,28.249632,28.001032,28.452591,815930.00
05/02/2019,27.200001,27.920000,26.610001,27.590000,26.995667,1046300,-,32.085187,28.229892,27.953577,28.414431,824554.00
05/01/2019,29.290001,29.290001,26.879999,27.160000,26.574928,1456200,-,32.149633,28.260742,27.936454,28.479988,818798.00
04/30/2019,29.990000,30.090000,28.730000,28.770000,28.150248,1100700,-,32.215957,28.301294,27.982931,28.570984,804218.00
04/29/2019,30.190001,30.540001,29.889999,29.900000,29.255903,888500,-,32.276767,28.309053,27.978039,28.498578,792276.00
04/26/2019,29.360001,30.370001,29.360001,30.360001,29.705997,658300,-,32.331868,28.289022,27.901230,28.405625,792416.00
04/25/2019,29.680000,29.940001,29.330000,29.400000,28.766676,804600,-,32.392039,28.264200,27.803384,28.181558,801308.00
04/24/2019,29.670000,29.940001,29.275000,29.850000,29.206984,921800,-,32.454906,28.244432,27.742230,28.038703,801852.00
04/23/2019,28.950001,29.955000,28.930000,29.760000,29.118919,682700,-,32.514752,28.203039,27.670313,27.811701,802868.00
04/22/2019,28.900000,29.209999,28.600000,28.990000,28.365509,562200,-,32.573266,28.165056,27.605246,27.647320,819988.00
04/18/2019,28.280001,28.969999,28.190001,28.620001,28.003479,730200,-,32.635547,28.163382,27.603289,27.549474,834716.00
04/17/2019,28.219999,28.490000,27.770000,28.260000,27.651232,426000,-,32.700729,28.190189,27.671292,27.492723,866790.00
04/16/2019,27.950001,28.315001,27.850000,28.090000,27.484896,604900,-,32.769264,28.293625,27.736360,27.392921,876298.00
04/15/2019,28.799999,29.100000,27.920000,28.030001,27.426189,855600,-,32.834174,28.393612,27.829313,27.394878,879554.00
04/12/2019,28.430000,29.309999,28.320000,28.950001,28.326370,952500,-,32.900924,28.500084,27.920799,27.457499,873532.00
04/11/2019,27.760000,28.305000,27.760000,28.070000,27.465326,737500,-,32.964310,28.587270,27.944282,27.396834,868156.00
04/10/2019,27.530001,28.000000,27.305000,27.940001,27.338127,657900,-,33.029819,28.700649,27.987334,27.425209,871684.00
04/09/2019,27.870001,27.910000,27.469999,27.530001,26.936960,1106600,-,33.102284,28.800276,28.065611,27.445757,871778.00
04/08/2019,27.900000,28.240000,27.850000,28.080000,27.475111,451300,-,33.175254,28.914884,28.145355,27.528926,859510.00
04/05/2019,28.010000,28.100000,27.650000,27.990000,27.387049,855100,-,33.248397,29.014334,28.187918,27.563172,862368.00
04/04/2019,27.170000,28.240000,27.120001,28.040001,27.435974,1131400,-,33.321254,29.106940,28.227546,27.657104,858044.00
04/03/2019,28.260000,28.340000,27.100000,27.240000,26.653204,900000,-,33.396140,29.189960,28.301503,27.849860,854926.00
04/02/2019,28.670000,28.690001,28.000000,28.110001,27.504465,833600,-,33.475757,29.280946,28.421494,28.079798,848894.00
04/01/2019,28.750000,29.190001,28.610001,28.670000,28.052401,607800,-,33.554029,29.365892,28.508576,28.263749,848270.00
03/29/2019,28.809999,28.854000,28.290001,28.330000,27.719725,874100,-,33.622240,29.429992,28.542059,28.384099,854288.00
03/28/2019,28.129999,28.520000,27.879999,28.360001,27.749079,714600,-,33.694661,29.472363,28.636766,28.491729,851880.00
03/27/2019,28.230000,28.510000,28.059999,28.150000,27.543604,766100,-,33.767572,29.494920,28.667486,28.549459,851186.00
03/26/2019,28.709999,28.900000,27.990000,28.379999,27.768648,979200,-,33.842919,29.535320,28.754450,28.685464,848150.00
03/25/2019,28.950001,29.100000,28.410000,28.430000,27.817572,622400,-,33.917233,29.564444,28.769481,28.761784,841384.00
03/22/2019,29.760000,30.010000,28.889999,28.950001,28.326370,684400,-,33.990938,29.593871,28.785284,28.812664,843284.00
03/21/2019,29.510000,30.490000,29.510000,30.010000,29.363537,593000,-,34.061462,29.608728,28.794495,28.797987,847200.00
03/20/2019,29.950001,30.020000,29.400000,29.590000,28.952583,899500,-,34.121390,29.593319,28.696223,28.753145,863558.00
03/19/2019,30.230000,30.270000,29.850000,29.990000,29.343967,657800,-,34.182827,29.572396,28.675503,28.763190,875422.00
03/18/2019,29.620001,29.959999,29.530001,29.900000,29.255903,680300,-,34.232850,29.561956,28.638431,28.753404,885368.00
03/15/2019,29.129999,29.719999,28.809999,29.430000,28.796030,1525400,-,34.282585,29.534051,28.602544,28.700019,885050.00
03/14/2019,29.459999,29.570000,28.825001,28.950001,28.326370,1032300,-,34.328618,29.528528,28.575459,28.781802,868454.00
03/13/2019,29.420000,29.840000,29.209999,29.540001,28.903662,998600,-,34.375499,29.520129,28.582387,28.785513,859466.00
03/12/2019,28.969999,29.160000,28.660000,29.160000,28.531845,656800,-,34.419493,29.500184,28.526117,28.823435,850182.00
03/11/2019,28.799999,29.209999,28.070000,28.950001,28.326370,814800,-,34.464437,29.488408,28.456392,28.777178,849452.00
03/08/2019,31.400000,31.400000,30.370001,30.650000,28.179602,1011800,-,34.508999,29.482024,28.401061,28.757904,844158.00
03/07/2019,31.670000,31.910000,31.299999,31.450001,28.915121,896400,-,34.560115,29.461545,28.406172,28.791002,832804.00
03/06/2019,31.700001,31.910000,31.410000,31.600000,29.053032,852000,-,34.604870,29.431117,28.427609,28.639301,845196.00
03/05/2019,31.379999,32.070000,31.370001,31.809999,29.246105,546700,-,34.650550,29.407086,28.616108,28.587815,846884.00
03/04/2019,32.220001,32.250000,30.830000,31.240000,28.722048,786200,-,34.691637,29.391645,28.778015,28.523457,860812.00
03/01/2019,30.969999,32.220001,30.910000,32.209999,29.613863,872200,-,34.729767,29.387418,28.979401,28.505069,865628.00
02/28/2019,31.850000,31.850000,30.750000,30.850000,28.363482,1133100,-,34.762713,29.367369,29.132992,28.369117,878332.00
02/27/2019,31.290001,32.099998,31.110001,31.850000,29.282883,897300,-,34.796605,29.358228,29.371533,28.379261,878140.00
02/26/2019,30.540001,31.020000,30.250000,30.530001,28.069275,678900,-,34.822771,29.367505,29.523362,28.228798,876168.00
02/25/2019,30.920000,30.930000,30.389999,30.600000,28.133631,458700,-,34.853010,29.384757,29.753266,28.135606,881952.00
02/22/2019,30.219999,31.219999,30.219999,31.010000,28.510586,479400,-,34.881159,29.394129,29.968966,28.044218,893724.00
02/21/2019,30.830000,30.969999,29.730000,29.799999,27.398111,1144000,-,34.910915,29.394864,30.144303,28.021341,918810.00
02/20/2019,31.070000,31.370001,30.719999,31.040001,28.538168,758500,-,34.945644,29.414003,30.353747,28.215916,923756.00
02/19/2019,30.870001,31.459999,30.870001,31.110001,28.602526,727200,-,34.971997,29.404847,30.486962,28.644400,941934.00
02/15/2019,31.150000,31.520000,30.770000,31.170000,28.538170,503600,-,34.997212,29.431760,30.644426,29.032573,961278.00
02/14/2019,31.049999,31.620001,30.577000,30.860001,28.254341,895500,-,35.019892,29.463255,30.780387,29.453733,976526.00
02/13/2019,30.350000,31.240000,30.040001,31.090000,28.464924,1102900,-,35.045714,29.468382,30.859584,29.896867,986232.00
02/12/2019,29.879999,30.370001,29.600000,30.340000,27.778250,831800,-,35.067264,29.469481,30.880184,30.363805,985008.00
02/11/2019,29.650000,29.846001,29.209999,29.639999,27.137352,972600,-,35.095240,29.489074,30.969451,30.817925,992220.00
02/08/2019,30.700001,30.802999,29.400000,29.730000,27.219753,1538700,-,35.131137,29.497314,31.073826,31.370927,1003146.00
02/07/2019,31.860001,32.150002,30.680000,30.889999,28.281811,1298600,-,35.167301,29.506653,31.177285,31.893714,1000448.00
02/06/2019,37.369999,37.369999,31.350000,32.049999,29.343863,2333900,-,35.199425,29.512146,31.216654,32.267265,985822.00
02/05/2019,35.549999,35.889999,35.500000,35.849998,32.823013,901400,-,35.227463,29.516907,31.179116,32.491579,955714.00
02/04/2019,35.570000,36.299999,35.259998,35.480000,32.484257,767700,-,35.237198,29.448423,30.933287,32.329524,1030888.00
02/01/2019,35.720001,36.060001,35.570000,35.770000,32.749767,554500,-,35.243866,29.429745,30.750174,32.256278,1030190.00
01/31/2019,36.340000,36.529999,35.509998,35.700001,32.685680,683700,-,35.245579,29.420773,30.505718,32.107041,1046322.00
01/30/2019,35.720001,36.299999,35.340000,36.189999,33.134304,913900,-,35.243803,29.412350,30.297427,31.822300,1057446.00
01/29/2019,35.980000,36.000000,35.299999,35.299999,32.319450,662600,-,35.244772,29.403377,30.036033,31.396563,1054910.00
01/28/2019,35.259998,35.834999,34.939999,35.680000,32.667370,493200,-,35.249272,29.421688,29.815382,31.120978,1057584.00
01/25/2019,35.389999,35.849998,35.224998,35.439999,32.447628,594200,-,35.250988,29.416927,29.579165,30.776725,1058056.00
01/24/2019,34.590000,35.130001,34.400002,34.970001,32.017319,638900,-,35.256842,29.412899,29.357141,30.460855,1058928.00
01/23/2019,34.389999,34.790001,34.270000,34.500000,31.587002,975500,-,35.260584,29.426998,29.114058,30.166043,1056690.00
01/22/2019,34.509998,34.570000,33.740002,34.080002,31.202463,598400,-,35.265300,29.451169,28.904394,29.866653,1053442.00
01/18/2019,34.310001,34.880001,33.939999,34.680000,31.751801,802400,-,35.274704,29.473509,28.736845,29.537050,1059308.00
01/17/2019,32.450001,34.150002,32.450001,34.139999,31.257395,908700,-,35.284490,29.476622,28.572959,29.244069,1056292.00
01/16/2019,31.879999,32.770000,31.879999,32.590000,29.838270,753700,-,35.299469,29.482848,28.435624,28.904394,1057730.00
01/15/2019,32.400002,32.650002,31.400000,31.540001,28.876928,679900,-,35.317915,29.511414,28.374282,28.772553,1074382.00
01/14/2019,31.709999,32.419998,31.510000,32.290001,29.563602,614300,-,35.339038,29.583011,28.325757,28.675503,1086170.00
01/11/2019,31.719999,32.259998,31.660000,31.920000,29.224842,640900,-,35.356636,29.633733,28.334912,28.509785,1105366.00
01/10/2019,31.500000,32.060001,31.000000,31.990000,29.288933,717400,-,35.379374,29.667609,28.320263,28.381606,1117662.00
01/09/2019,31.670000,32.160000,31.406000,31.750000,29.069197,880200,-,35.408730,29.720268,28.285930,28.253427,1122172.00
01/08/2019,30.690001,31.270000,30.250000,31.230000,28.593102,1410900,-,35.435194,29.779694,28.259836,28.062074,1118522.00
01/07/2019,31.559999,32.419998,30.400000,30.480000,27.906427,1492700,-,35.465716,29.828576,28.247934,27.942134,1102736.00
01/04/2019,31.000000,31.990000,30.879999,31.480000,28.821993,1155100,-,35.507380,29.920012,28.256631,27.936641,1081582.00
01/03/2019,31.190001,31.190001,30.330000,30.430000,27.860649,664400,-,35.543877,29.994779,28.312939,27.901849,1066412.00
01/02/2019,30.000000,31.350000,29.870001,31.150000,28.519855,695600,-,35.579693,30.086219,28.425553,27.966854,1060186.00
12/31/2018,30.620001,30.860001,30.100000,30.480000,27.906427,582900,-,35.619106,30.169948,28.425095,27.976010,1059500.00
12/28/2018,30.709999,30.799999,29.910000,30.480000,27.906427,534400,-,35.660272,30.270322,28.455767,27.976010,1059144.00
12/27/2018,29.910000,30.530001,29.510000,30.520000,27.943048,620300,-,35.699215,30.375987,28.498341,28.160039,1059934.00
12/26/2018,29.719999,30.620001,29.080000,30.590000,28.007141,550100,-,35.737340,30.459577,28.478656,28.258921,1058340.00
12/24/2018,29.690001,30.170000,29.639999,29.660000,27.155664,444100,-,35.771472,30.538601,28.462634,28.318432,1063612.00
12/21/2018,30.270000,30.820000,29.920000,29.920000,27.393709,1516000,-,35.810315,30.635933,28.532675,28.457598,1076578.00
12/20/2018,31.010000,31.250000,30.129999,30.420000,27.851494,936400,-,35.854588,30.711539,28.642085,28.553733,1061618.00
12/19/2018,31.330000,31.990000,30.952999,31.100000,28.474077,1243100,-,35.901197,30.805533,28.719450,28.576622,1061698.00
12/18/2018,31.170000,31.559999,30.850000,31.139999,28.510700,1027000,-,35.945192,30.906229,28.873265,28.724028,1052630.00
12/17/2018,30.500000,32.020000,30.020000,31.250000,28.611414,1507400,-,35.987055,30.998166,29.062787,28.884252,1044556.00
12/14/2018,32.130001,32.709999,30.459999,30.480000,27.906427,1123500,-,36.031134,31.073497,29.245442,28.874180,1033212.00
12/13/2018,31.799999,32.610001,31.530001,32.490002,29.746717,798700,-,36.077105,31.172959,29.484405,28.935523,1037992.00
12/12/2018,31.670000,32.439999,31.410000,31.600000,28.931864,968100,-,36.112969,31.233062,29.658820,28.836642,1044692.00
12/11/2018,31.700001,31.809999,30.680000,31.240000,28.602257,1047300,-,36.154720,31.304172,29.833692,28.698391,1061482.00
12/10/2018,30.770000,31.299999,29.770000,31.180000,28.547321,1733700,-,36.199299,31.382239,30.015890,28.606835,1158638.00
12/07/2018,31.020000,31.709999,30.860001,30.969999,28.355057,1391300,-,36.242111,31.562461,30.224639,28.607751,1142016.00
12/06/2018,32.189999,32.189999,29.889999,30.670000,28.080385,1667400,-,36.280671,31.760208,30.446663,28.730437,1130998.00
12/04/2018,32.860001,33.529999,32.474998,32.709999,29.948135,1694400,-,36.320377,31.971110,30.658616,28.862278,1111970.00
12/03/2018,31.809999,33.180000,31.200001,32.889999,30.112940,1266000,-,36.351469,32.140462,30.756582,29.022502,1092820.00
11/30/2018,31.000000,31.389999,30.600000,31.139999,28.510700,1380800,-,36.384776,32.304511,30.829369,29.241322,1113070.00
11/29/2018,31.459999,31.950001,31.120001,31.150000,28.519855,1041700,-,36.430084,32.497504,30.967162,29.616704,1115854.00
11/28/2018,30.080000,31.520000,30.080000,31.410000,28.757906,1192400,-,36.474463,32.713845,31.164009,30.033286,1116452.00
11/27/2018,30.190001,30.950001,29.660000,30.090000,27.549356,1518900,-,36.511275,32.922871,31.331099,30.480997,1109992.00
11/26/2018,31.320000,31.330000,29.959999,30.240000,27.686693,1403800,-,36.548704,33.144394,31.499564,30.968993,1102326.00
11/23/2018,31.799999,31.799999,30.580000,31.190001,28.556480,567300,-,36.583049,33.388890,31.711324,31.424944,1097850.00
11/21/2018,32.240002,32.639999,31.940001,32.310001,29.581913,828500,-,36.610333,33.617814,31.885523,31.841527,1114268.00
11/20/2018,34.070000,34.070000,31.959999,32.110001,29.398798,4660100,-,36.644698,33.830243,31.958288,32.162890,1115244.00
11/19/2018,35.320000,35.570000,34.230000,34.459999,31.550377,732800,-,36.681019,34.031376,32.112261,32.454955,1041092.00
11/16/2018,35.209999,35.470001,34.810001,35.279999,32.301140,1361100,-,36.699573,34.175980,32.162759,32.490662,1039992.00
11/15/2018,35.520000,35.919998,35.009998,35.240002,32.264519,1239900,-,36.719167,34.306298,32.169334,32.417417,1036412.00
11/14/2018,36.680000,37.119999,35.430000,35.700001,32.685680,787100,-,36.742606,34.433152,32.191422,32.317620,1044456.00
11/13/2018,35.660000,36.709999,35.599998,36.299999,33.235016,796300,-,36.761904,34.542281,32.203395,32.294731,1047264.00
11/12/2018,35.389999,35.860001,35.150002,35.419998,32.429314,516800,-,36.778502,34.631302,32.201127,32.181201,1042036.00
11/09/2018,35.369999,35.560001,34.849998,35.220001,32.246208,637800,-,36.800936,34.736255,32.185789,32.030134,1044826.00
11/08/2018,35.910000,36.134998,35.439999,35.740002,32.722301,527000,-,36.824693,34.835020,32.171397,31.997703,1046864.00
11/07/2018,35.700001,36.047001,35.340000,35.820000,32.795544,813100,-,36.843356,34.933566,32.136393,31.929520,1057034.00
11/06/2018,34.730000,35.599998,34.730000,35.299999,32.319450,891700,-,36.860659,35.038673,32.055317,31.753686,1052334.00
11/05/2018,34.650002,35.360001,34.540001,34.849998,31.907450,651600,-,36.879889,35.158410,32.066905,31.769566,1048126.00
11/02/2018,34.430000,34.930000,34.060001,34.480000,31.568686,980600,-,36.902220,35.286021,32.146977,31.834855,1041680.00
11/01/2018,35.369999,35.555000,33.959999,34.150002,31.266554,1586300,-,36.925204,35.423510,32.223921,31.921251,1034308.00
10/31/2018,35.049999,35.980000,35.000000,35.450001,32.456791,1269300,-,36.948795,35.579262,32.279489,32.065223,1015162.00
10/30/2018,35.500000,35.820000,34.310001,35.060001,32.099716,1574100,-,36.967384,35.712304,32.300627,32.112059,1009624.00
10/29/2018,35.369999,35.540001,33.759998,33.900002,30.918640,1255700,-,36.985859,35.836435,32.333235,32.221053,995090.00
10/26/2018,34.660000,35.365002,34.209999,35.000000,31.921900,942900,-,37.014898,35.978715,32.411671,32.341444,992380.00
10/25/2018,34.310001,35.439999,34.070000,35.130001,32.040470,697700,-,37.037518,36.094364,32.440857,32.345092,1004076.00
10/24/2018,35.830002,35.959999,33.959999,34.029999,31.037205,621600,-,37.057691,36.195966,32.716753,32.343267,1022278.00
10/23/2018,35.070000,35.919998,34.709999,35.610001,32.478252,435000,-,37.082655,36.349009,33.077014,32.356948,1026870.00
10/22/2018,35.660000,35.950001,35.224998,35.700001,32.560337,396600,-,37.101136,36.475420,33.384376,32.364244,1027236.00
10/19/2018,35.770000,36.220001,35.470001,35.560001,32.432648,353100,-,37.118982,36.615329,33.677146,32.459098,1026734.00
10/18/2018,35.980000,36.470001,35.619999,35.860001,32.706268,661300,-,37.135340,36.761257,33.971283,32.526590,1032984.00
10/17/2018,36.279999,36.599998,35.820000,36.099998,32.925156,565100,-,37.148839,36.907733,34.243987,32.493755,1032540.00
10/16/2018,35.380001,36.450001,35.070000,36.389999,33.189655,573900,-,37.162508,37.037975,34.564574,32.489195,1036426.00
10/15/2018,35.000000,35.770000,34.950001,35.220001,32.122551,540600,-,37.174584,37.159095,34.865552,32.445417,1044520.00
10/12/2018,35.639999,35.689999,34.310001,35.040001,31.958376,813700,-,37.192765,37.301558,35.190699,32.481898,1044478.00
10/11/2018,33.779999,35.459999,33.770000,35.110001,32.022221,1092400,-,37.208013,37.451318,35.588355,32.536622,1040754.00
10/10/2018,35.720001,35.799999,34.150002,34.180000,31.174013,768000,-,37.224660,37.586849,35.987379,33.090239,1035006.00
10/09/2018,36.650002,36.720001,35.330002,35.689999,32.551212,940400,-,37.242654,37.736152,36.438846,33.797081,1040106.00
10/08/2018,36.279999,36.990002,35.970001,36.740002,33.508881,789700,-,37.251727,37.857366,36.784059,34.404509,1054220.00
10/05/2018,35.470001,36.424999,35.349998,36.299999,33.107567,623300,-,37.252214,37.985798,37.047642,34.895193,1056836.00
10/04/2018,36.049999,36.119999,35.000000,35.500000,32.377922,940200,-,37.251271,38.124621,37.333115,35.415976,1067524.00
10/03/2018,35.599998,37.040001,35.410000,36.049999,32.879555,1362500,-,37.253614,38.262759,37.644582,35.994219,1071106.00
10/02/2018,35.349998,36.209999,35.040001,35.910000,32.751869,1133700,-,37.249741,38.396321,37.907709,36.639953,1091558.00
10/01/2018,35.639999,36.650002,35.570000,35.619999,32.487370,1807600,-,37.246552,38.530981,38.154420,37.285688,1106682.00
09/28/2018,40.860001,40.919998,35.099998,35.639999,32.505608,5905100,-,37.246087,38.687664,38.413900,37.899500,1088416.00
09/27/2018,41.970001,42.119999,40.910000,41.180000,37.558392,902600,-,37.242863,38.839435,38.647842,38.640089,991682.00
09/26/2018,42.240002,42.330002,41.759998,41.930000,38.242432,840400,-,37.214194,38.901609,38.652402,38.884520,986442.00
09/25/2018,42.180000,42.540001,41.860001,42.349998,38.625496,716000,-,37.177809,38.936643,38.642826,39.080611,993118.00
09/24/2018,42.189999,42.529999,41.720001,42.119999,38.415722,736900,-,37.138379,38.961834,38.626865,39.163608,998676.00
09/21/2018,42.250000,42.790001,41.529999,42.009998,38.315395,2278500,-,37.097962,38.990310,38.620481,39.200090,996362.00
09/20/2018,43.480000,43.680000,41.259998,41.840000,38.160351,1520000,-,37.056419,39.030251,38.626865,39.250254,964220.00
09/19/2018,43.740002,44.139999,42.639999,43.130001,39.336899,1071600,-,37.017687,39.072565,38.671556,39.294945,951826.00
09/18/2018,42.400002,43.474998,42.400002,42.990002,39.209213,869400,-,36.974292,39.120630,38.660155,39.175465,943200.00
09/17/2018,43.860001,43.860001,42.200001,42.349998,38.625496,1135600,-,36.928868,39.163245,38.615008,39.023152,939404.00
09/14/2018,43.810001,44.090000,43.380001,43.759998,39.911491,1180000,-,36.884644,39.214262,38.585367,38.928299,936214.00
09/13/2018,44.240002,44.709999,43.669998,43.860001,40.002701,1388200,-,36.834262,39.232465,38.475008,38.655595,927392.00
09/12/2018,43.570000,44.240002,43.270000,44.080002,40.203346,877300,-,36.780756,39.248845,38.330903,38.420284,909282.00
09/11/2018,42.630001,43.610001,42.500000,43.259998,39.455467,952500,-,36.727557,39.265576,38.255203,38.205040,912814.00
09/10/2018,42.650002,43.410000,42.480000,42.520000,38.780544,677800,-,36.675476,39.303631,38.222369,38.090121,914686.00
09/07/2018,42.070000,42.730000,41.740002,42.560001,38.817028,1182100,-,36.626091,39.337360,38.261131,38.040871,916956.00
09/06/2018,41.720001,43.029999,41.720001,42.330002,38.607262,1642100,-,36.576568,39.376544,38.306734,38.003477,913600.00
09/05/2018,41.270000,42.060001,40.930000,41.820000,38.142105,927500,-,36.525925,39.424469,38.377874,38.048166,899134.00
09/04/2018,41.110001,41.880001,41.000000,41.320000,37.686081,534900,-,36.477380,39.472968,38.442630,38.144844,902074.00
08/31/2018,40.709999,41.360001,40.360001,41.310001,37.676964,656300,-,36.430031,39.555868,38.520610,38.206865,941974.00
08/30/2018,41.139999,41.299999,40.410000,40.770000,37.184452,739700,-,36.383586,39.632948,38.599047,38.242435,950198.00
08/29/2018,41.740002,41.939999,40.860001,41.279999,37.649593,1035500,-,36.338655,39.731337,38.712142,38.294421,955816.00
08/28/2018,42.000000,42.180000,41.529999,41.720001,38.050903,578100,-,36.291035,39.817512,38.769601,38.241523,956430.00
08/27/2018,42.040001,42.490002,41.939999,42.000000,38.306282,681300,-,36.241274,39.904755,38.799015,38.305366,964006.00
08/24/2018,42.410000,42.485001,41.730000,41.980000,38.288036,329300,-,36.192271,39.990165,38.814296,38.354616,994582.00
08/23/2018,42.750000,42.980000,41.639999,42.150002,38.443089,612000,-,36.143901,40.087579,38.896418,38.481391,1016912.00
08/22/2018,43.000000,43.279999,42.669998,42.820000,39.054157,629000,-,36.095842,40.152611,38.976699,38.609991,1021116.00
08/21/2018,42.169998,43.369999,42.169998,42.880001,39.108887,992400,-,36.043234,40.215606,38.988232,38.707581,1021724.00
08/20/2018,42.009998,42.250000,41.779999,42.000000,38.306282,847400,-,35.991032,40.280052,39.010670,38.740415,1017814.00
08/17/2018,41.189999,41.959999,41.090000,41.700001,38.032665,1120200,-,35.942978,40.366189,39.069600,38.834356,1018126.00
08/16/2018,41.110001,42.080002,40.990002,41.340000,37.704319,1527700,-,35.892494,40.458163,39.184043,38.955659,1019594.00
08/15/2018,42.070000,42.145000,40.470001,40.700001,37.120605,1607800,-,35.842295,40.555247,39.303535,39.129862,1030154.00
08/14/2018,42.790001,42.799999,42.150002,42.419998,38.689335,851200,-,35.795467,40.661460,39.480859,39.297680,1037204.00
08/13/2018,43.369999,43.470001,42.279999,42.540001,38.798786,453300,-,35.741926,40.714656,39.546099,39.292664,1048792.00
08/10/2018,43.240002,43.689999,42.650002,43.369999,39.555786,371500,-,35.688108,40.763480,39.600411,39.273975,1079236.00
08/09/2018,43.770000,43.939999,43.209999,43.560001,39.729084,665600,-,35.626120,40.759334,39.614599,39.311445,1092624.00
08/08/2018,43.330002,43.980000,43.230000,43.889999,40.030060,639100,-,35.560552,40.748812,39.643766,39.343407,1107504.00
08/07/2018,43.349998,44.029999,43.070000,43.240002,39.437225,759400,-,35.495875,40.708263,39.656066,39.268884,1113432.00
08/06/2018,43.090000,43.349998,42.639999,43.029999,39.245697,978600,-,35.431269,40.673569,39.771211,39.280925,1111176.00
08/03/2018,43.020000,43.200001,41.900002,43.029999,39.245697,538500,-,35.366129,40.642706,39.875927,39.304844,1104646.00
08/02/2018,41.959999,43.320000,41.880001,43.250000,39.446342,627500,-,35.300988,40.608205,39.972458,39.412426,1113022.00
08/01/2018,42.130001,42.799999,41.950001,42.540001,38.798786,805000,-,35.234211,40.564053,40.041224,39.477209,1119022.00
07/31/2018,42.619999,42.930000,41.689999,42.490002,38.639175,1023000,-,35.168592,40.556132,40.142368,39.664039,1119588.00
07/30/2018,43.860001,43.915001,42.020000,42.459999,38.611897,1646100,-,35.104856,40.540673,40.262405,39.799535,1116412.00
07/27/2018,43.840000,44.220001,43.365002,43.910000,39.930485,920500,-,35.043427,40.532215,40.399720,39.926847,1111740.00
07/26/2018,43.049999,44.400002,42.930000,44.040001,40.048702,1157700,-,34.976716,40.482876,40.426547,39.917754,1126082.00
07/25/2018,44.189999,44.771999,42.790001,43.200001,39.284832,1119300,-,34.909143,40.408863,40.462922,39.944126,1121486.00
07/24/2018,44.090000,44.680000,41.599998,43.500000,39.557640,2385100,-,34.846067,40.347226,40.548857,40.043248,1120630.00
07/23/2018,44.349998,44.349998,43.250000,43.419998,39.484886,1889900,-,34.783210,40.258911,40.599327,40.261497,1086350.00
07/20/2018,44.119999,44.639999,43.990002,44.340000,40.321510,894300,-,34.719723,40.159536,40.716637,40.447010,1062220.00
07/19/2018,44.529999,45.240002,43.860001,44.090000,40.094177,1068400,-,34.652051,40.035448,40.777110,40.532491,1064264.00
07/18/2018,44.009998,44.849998,43.810001,44.720001,40.667084,640600,-,34.586783,39.908833,40.877595,40.605239,1059126.00
07/17/2018,43.549999,44.200001,43.270000,43.980000,39.994137,1174200,-,34.514626,39.784726,40.942160,40.620698,1061120.00
07/16/2018,43.700001,44.060001,43.034000,43.860001,39.885021,993900,-,34.446286,39.671720,41.063106,40.725276,1057482.00
07/13/2018,44.070000,44.680000,43.740002,43.810001,39.839550,621200,-,34.380345,39.550195,41.197693,40.872593,1058604.00
07/12/2018,44.500000,44.900002,43.750000,44.330002,40.312420,671400,-,34.315355,39.426315,41.363653,40.935340,1068978.00
07/11/2018,45.150002,45.799999,43.990002,44.290001,40.276051,900300,-,34.248363,39.281550,41.432765,40.981718,1079538.00
07/10/2018,45.590000,46.270000,45.590000,45.900002,41.740139,640300,-,34.180467,39.144405,41.529158,41.054467,1085980.00
07/09/2018,45.470001,46.090000,45.060001,45.459999,41.340008,679600,-,34.104753,38.965101,41.558712,40.937157,1101810.00
07/06/2018,44.700001,45.490002,44.450001,45.279999,41.176319,976100,-,34.029593,38.805770,41.622368,40.986264,1123566.00
07/05/2018,45.299999,45.799999,44.730000,44.889999,40.821667,738900,-,33.956291,38.668576,41.695119,41.021730,1148058.00
07/03/2018,45.470001,46.240002,44.639999,44.889999,40.821667,482700,-,33.886978,38.541196,41.781964,41.149951,1166352.00
07/02/2018,45.119999,45.860001,44.750000,45.130001,41.039917,1053900,-,33.816626,38.418895,41.862443,41.263622,1176656.00
06/29/2018,45.189999,45.730000,45.029999,45.480000,41.358196,1046100,-,33.747850,38.297125,41.877902,41.400937,1173816.00
06/28/2018,44.610001,44.889999,44.189999,44.500000,40.467014,791300,-,33.679472,38.165363,41.871991,41.522792,1186820.00
06/27/2018,45.380001,46.119999,44.810001,44.840000,40.776199,1014300,-,33.611842,38.032380,41.816065,41.791965,1203050.00
06/26/2018,45.029999,45.540001,44.419998,45.090000,41.003544,918800,-,33.541807,37.878702,41.737405,41.883812,1201108.00
06/25/2018,45.650002,45.980000,44.290001,44.610001,40.567043,1074500,-,33.469234,37.705242,41.587358,42.003849,1204798.00
06/22/2018,46.580002,46.759998,45.820000,46.000000,41.831070,2529900,-,33.401601,37.560464,41.444132,42.180267,1196066.00
06/21/2018,46.450001,46.610001,45.459999,45.669998,41.530979,1067500,-,33.328462,37.388228,41.237705,42.258473,1154570.00
06/20/2018,46.299999,46.439999,45.439999,46.299999,42.103878,1020600,-,33.252347,37.217823,41.037189,42.368507,1147472.00
06/19/2018,46.200001,46.750000,45.290001,46.139999,41.958378,1066200,-,33.177935,37.048112,40.793932,42.413976,1157804.00
06/18/2018,46.610001,47.070000,46.130001,46.639999,42.413067,956900,-,33.099276,36.864261,40.616150,42.461264,1183976.00
06/15/2018,47.049999,47.200001,45.599998,46.820000,42.576748,2210100,-,33.014365,36.666601,40.388808,42.354868,1187166.00
06/14/2018,46.119999,47.520000,45.919998,47.459999,43.158749,1445800,-,32.927956,36.476731,40.169422,42.221191,1162550.00
06/13/2018,46.380001,46.669998,45.810001,45.849998,41.694664,822200,-,32.841442,36.287737,39.884661,41.840165,1149502.00
06/12/2018,46.599998,46.840000,46.119999,46.410000,42.203911,659400,-,32.759037,36.138906,39.617331,41.590997,1148572.00
06/11/2018,46.709999,47.310001,46.400002,46.549999,42.331226,796900,-,32.673769,35.965381,39.317283,41.170868,1154664.00
06/08/2018,47.000000,47.570000,46.419998,46.860001,42.613132,863000,-,32.588679,35.780784,38.957817,40.707998,1159792.00
06/07/2018,47.099998,47.570000,46.360001,46.880001,42.631321,1193600,-,32.499873,35.590187,38.552967,40.216937,1161610.00
06/06/2018,47.169998,47.840000,46.209999,46.799999,42.558567,2055700,-,32.412604,35.413010,38.127257,39.705870,1160582.00
06/05/2018,45.490002,46.889999,45.490002,46.660000,42.431255,1960300,-,32.322850,35.265040,37.687500,39.173888,1147382.00
06/04/2018,45.700001,46.055000,44.500000,45.470001,41.349106,1430600,-,32.237034,35.103654,37.289024,38.771037,1130064.00
06/01/2018,43.490002,46.230000,43.490002,45.349998,41.239975,1975500,-,32.157849,34.970622,36.938760,38.422747,1120606.00
05/31/2018,43.139999,43.750000,42.950001,43.270000,39.348488,1040900,-,32.079255,34.870607,36.567200,38.117654,1101062.00
05/30/2018,42.180000,43.759998,41.860001,43.110001,39.202991,1409600,-,32.011521,34.806064,36.282052,37.929158,1105166.00
05/29/2018,41.150002,42.130001,41.150002,41.790001,38.002617,935500,-,31.943247,34.722485,35.975612,37.643665,1102164.00
05/25/2018,41.099998,41.520000,40.970001,41.459999,37.702526,646600,-,31.881699,34.690482,35.746421,37.463698,1112340.00
05/24/2018,41.049999,41.830002,40.770000,41.459999,37.702526,652100,-,31.821697,34.659221,35.500041,37.207635,1121880.00
05/23/2018,40.410000,41.279999,40.099998,41.259998,37.520653,957300,-,31.763232,34.619072,35.283588,36.888997,1128420.00
05/22/2018,42.119999,42.770000,40.910000,40.950001,37.238747,927500,-,31.706807,34.580022,35.123387,36.548643,1134948.00
05/21/2018,41.639999,42.270000,41.049999,42.230000,38.402740,833300,-,31.648219,34.531918,34.984083,36.201111,1145042.00
05/18/2018,42.169998,42.250000,41.330002,41.639999,37.866211,864200,-,31.586118,34.462348,34.799276,35.807011,1161828.00
05/17/2018,41.320000,42.660000,41.320000,42.110001,38.189037,1412500,-,31.533391,34.429990,34.653538,35.454773,1164778.00
05/16/2018,40.299999,41.400002,40.200001,41.310001,37.463531,1637600,-,31.478553,34.409675,34.482589,35.016746,1158046.00
05/15/2018,39.779999,40.250000,39.220001,40.080002,36.348057,927900,-,31.418027,34.405866,34.300305,34.634946,1149750.00
05/14/2018,38.840000,40.240002,38.840000,39.919998,36.202950,1076500,-,31.360185,34.416568,34.137519,34.307559,1149550.00
05/11/2018,38.209999,38.959999,38.209999,38.750000,35.141899,671100,-,31.301486,34.441054,33.943899,34.029145,1143252.00
05/10/2018,37.810001,38.340000,37.720001,38.060001,34.516148,683400,-,31.250443,34.480231,33.853209,33.792447,1148240.00
05/09/2018,37.400002,38.130001,37.340000,37.619999,34.117115,996500,-,31.201534,34.528296,33.788367,33.678179,1165642.00
05/08/2018,37.959999,38.000000,37.080002,37.230000,33.763424,811500,-,31.154168,34.591597,33.733047,33.698130,1166410.00
05/07/2018,38.020000,38.779999,37.970001,38.000000,34.461735,740300,-,31.107395,34.666687,33.725792,33.767055,1173668.00
05/04/2018,37.320000,38.400002,37.160000,37.869999,34.343834,992300,-,31.055819,34.719649,33.640998,33.791541,1195916.00
05/03/2018,37.130001,37.700001,36.950001,37.279999,33.808765,1050000,-,31.005828,34.754111,33.550309,33.852302,1203236.00
05/02/2018,36.590000,37.650002,36.590000,37.099998,33.645531,1139900,-,30.956070,34.798367,33.514034,33.948433,1205284.00
05/01/2018,36.720001,37.279999,36.139999,36.470001,33.074192,1199400,-,30.909660,34.848790,33.517208,33.965664,1203518.00
04/30/2018,36.020000,37.540001,35.900002,36.849998,33.418808,1222400,-,30.867780,34.922792,33.576155,33.967478,1193508.00
04/27/2018,36.619999,37.130001,35.520000,36.139999,32.774918,1431800,-,30.824313,35.005863,33.581597,33.858652,1200794.00
04/26/2018,37.849998,38.125000,36.230000,36.799999,33.373466,1767400,-,30.779679,35.098275,33.597921,33.913972,1218048.00
04/25/2018,37.709999,38.930000,36.470001,37.840000,34.316631,2200700,-,30.729837,35.153213,33.583411,33.898555,1212082.00
04/24/2018,38.299999,38.516998,37.630001,37.990002,34.452667,1653600,-,30.674600,35.167583,33.556204,33.767963,1190904.00
04/23/2018,38.419998,38.769001,37.529999,38.270000,34.706593,997900,-,30.616784,35.169645,33.591572,33.684528,1201972.00
04/20/2018,38.139999,38.759998,37.910000,38.540001,34.951450,911900,-,30.556704,35.155777,33.574341,33.490454,1221570.00
04/19/2018,37.400002,38.820000,37.264999,38.340000,34.770069,1696300,-,30.496756,35.185847,33.561645,33.248315,1245794.00
04/18/2018,36.740002,37.970001,36.740002,37.290001,33.817848,1602800,-,30.435273,35.223706,33.635103,33.079634,1260552.00
04/17/2018,35.860001,36.549999,35.755001,36.490002,33.092331,917200,-,30.376742,35.252573,33.750277,33.068751,1249852.00
04/16/2018,36.810001,36.900002,35.580002,35.650002,32.330547,1103300,-,30.321387,35.315123,33.846861,33.184833,1256828.00
04/13/2018,36.709999,36.849998,36.070000,36.750000,33.328117,637900,-,30.266133,35.407559,34.050457,33.304542,1256442.00
04/12/2018,36.470001,36.930000,36.470001,36.630001,33.219292,455100,-,30.205710,35.471905,34.191024,33.281870,1257426.00
04/11/2018,37.060001,37.410000,36.389999,36.400002,33.010712,712600,-,30.145018,35.538608,34.314815,33.268267,1262066.00
04/10/2018,36.599998,37.180000,36.279999,37.070000,33.618324,1537200,-,30.084011,35.616718,34.442686,33.344445,1256208.00
04/09/2018,35.740002,36.340000,35.540001,36.130001,32.765854,2374800,-,30.021911,35.684303,34.503447,33.498616,1237386.00
04/06/2018,36.200001,36.860001,35.560001,35.869999,32.530056,1116400,-,29.963712,35.758085,34.611367,33.658228,1203898.00
04/05/2018,36.900002,37.720001,36.430000,36.480000,33.083263,979300,-,29.906918,35.832605,34.797279,33.874974,1212350.00
04/04/2018,37.150002,37.490002,36.639999,37.169998,33.709011,793400,-,29.847809,35.894251,35.001782,34.190571,1211142.00
04/03/2018,37.299999,38.040001,37.240002,37.770000,34.253151,775700,-,29.785346,35.947542,35.179985,34.431804,1211062.00
04/02/2018,36.299999,37.090000,36.270000,36.970001,33.527641,964000,-,29.723057,35.985790,35.311484,34.508888,1216198.00
03/29/2018,36.480000,36.959999,36.299999,36.500000,33.101395,1053300,-,29.671313,36.034932,35.506465,34.796371,1212380.00
03/28/2018,37.240002,37.330002,36.250000,36.480000,33.083263,953900,-,29.619394,36.096396,35.706433,35.100179,1216544.00
03/27/2018,38.730000,38.900002,37.020000,37.240002,33.772495,1142200,-,29.565984,36.150627,35.898240,35.361362,1218606.00
03/26/2018,38.290001,39.830002,38.099998,38.770000,35.160030,1395700,-,29.507589,36.209702,36.073723,35.540927,1222030.00
03/23/2018,38.259998,38.869999,37.830002,37.889999,34.361969,1094400,-,29.439363,36.235420,36.191618,35.508279,1227348.00
03/22/2018,39.500000,39.759998,38.220001,38.259998,34.697521,957700,-,29.377163,36.269684,36.329012,35.564506,1225584.00
03/21/2018,39.959999,40.529999,39.660000,39.959999,36.239231,998300,-,29.313329,36.296331,36.397482,35.719584,1219710.00
03/20/2018,38.759998,39.910000,38.669998,39.830002,36.121338,1246100,-,29.240657,36.295039,36.386599,35.812993,1217056.00
03/19/2018,40.009998,40.160000,38.480000,38.619999,35.023998,1259500,-,29.165861,36.295200,36.388867,35.928167,1204568.00
03/16/2018,40.070000,40.459999,39.900002,40.139999,36.402473,1444300,-,29.099853,36.308807,36.476381,36.114080,1189090.00
03/15/2018,39.529999,40.000000,39.529999,39.849998,36.139469,1123600,-,29.027676,36.288876,36.534875,36.216558,1179686.00
03/14/2018,39.419998,39.689999,39.180000,39.360001,35.695099,979100,-,28.959301,36.279269,36.597677,36.312688,1173678.00
03/13/2018,38.480000,39.730000,38.279999,39.220001,35.568138,1283700,-,28.892785,36.277465,36.618940,36.435117,1166070.00
03/12/2018,38.500000,38.720001,38.180000,38.410000,34.833549,1432200,-,28.823333,36.281274,36.592289,36.606519,1151100.00
03/09/2018,40.009998,40.230000,38.180000,38.509998,34.924240,1672600,-,28.757689,36.284763,36.578401,36.874958,1133660.00
03/08/2018,41.020000,41.299999,39.820000,39.970001,36.248299,1011700,-,28.689647,36.293311,36.532849,37.093518,1118370.00
03/07/2018,40.680000,41.279999,40.570000,40.990002,37.173328,1075900,-,28.613719,36.263802,36.543182,37.075380,1116640.00
03/06/2018,40.840000,41.369999,40.689999,41.099998,37.273079,1222800,-,28.533211,36.207653,36.517665,36.960205,1127316.00
03/05/2018,41.080002,41.279999,40.639999,40.669998,36.883121,917900,-,28.452928,36.134316,36.417071,36.849566,1130720.00
03/02/2018,40.740002,41.349998,40.330002,41.270000,37.427258,761600,-,28.374323,36.055031,36.383907,36.838683,1125090.00
03/01/2018,40.799999,41.500000,40.360001,40.910000,37.100769,920500,-,28.296298,35.963417,36.360162,36.853193,1128726.00
02/28/2018,41.230000,41.500000,40.680000,40.709999,36.919392,1553500,-,28.222755,35.863501,36.332394,36.882666,1138234.00
02/27/2018,41.279999,41.599998,40.630001,41.110001,37.282154,1034900,-,28.151249,35.767394,36.314147,36.802763,1128026.00
02/26/2018,41.209999,41.939999,41.119999,41.369999,37.517937,1174400,-,28.076708,35.669638,36.295849,36.578059,1139522.00
02/23/2018,40.099998,41.099998,40.099998,40.919998,37.109840,1852700,-,28.003340,35.556495,36.269832,36.281845,1132578.00
02/22/2018,39.910000,40.480000,39.349998,39.770000,36.066921,1358300,-,27.930655,35.450791,36.237088,35.972179,1122144.00
02/21/2018,39.959999,41.049999,39.700001,39.720001,36.021580,1152400,-,27.859749,35.348762,36.246543,36.010984,1109748.00
02/20/2018,40.520000,40.560001,39.860001,39.880001,36.166687,1051600,-,27.787984,35.243118,36.253742,36.075124,1105848.00
02/16/2018,41.180000,41.590000,40.540001,40.549999,36.774292,698900,-,27.714725,35.126433,36.264087,35.984576,1105372.00
02/15/2018,41.500000,41.980000,40.639999,41.430000,37.572353,1586700,-,27.644216,34.991084,36.233651,35.929130,1154586.00
02/14/2018,39.480000,41.480000,39.480000,41.349998,37.395504,2294500,-,27.574057,34.847913,36.154268,35.867132,1152352.00
02/13/2018,38.560001,40.040001,38.349998,39.939999,36.120358,1469100,-,27.503517,34.713163,36.093224,35.782122,1131234.00
02/12/2018,38.490002,39.259998,37.988998,38.740002,35.035118,1141800,-,27.437814,34.593244,36.076945,35.825531,1159666.00
02/09/2018,37.830002,38.799999,37.480000,38.209999,34.555798,2207000,-,27.381156,34.488157,36.161503,36.013639,1152252.00
02/08/2018,40.000000,40.799999,37.580002,37.610001,34.013184,1977800,-,27.328341,34.393741,36.256010,36.257819,1127818.00
02/07/2018,40.599998,41.000000,39.369999,40.310001,36.454967,2123100,-,27.276295,34.299506,36.359108,36.501997,1104668.00
02/06/2018,38.310001,40.599998,37.980000,40.540001,36.662979,2434200,-,27.213351,34.161681,36.337855,36.482101,1096998.00
02/05/2018,39.669998,40.570000,38.570000,38.990002,35.261208,1067800,-,27.146202,34.009205,36.313437,36.432360,1080284.00
02/02/2018,40.650002,40.790001,39.630001,40.049999,36.219833,1266000,-,27.082941,33.882051,36.356846,36.543597,1083530.00
02/01/2018,40.230000,41.169998,39.525002,40.860001,36.952370,1084000,-,27.014617,33.735905,36.331072,36.538171,1083220.00
01/31/2018,40.110001,40.509998,39.720001,40.410000,36.545406,687100,-,26.938379,33.566427,36.253749,36.441405,1086946.00
01/30/2018,40.740002,40.740002,39.889999,40.419998,36.554447,687100,-,26.861553,33.404184,36.209435,36.404326,1086364.00
01/29/2018,40.830002,41.130001,40.720001,40.820000,36.916203,419700,-,26.786491,33.237420,36.161956,36.328360,1093772.00
01/26/2018,40.380001,41.090000,40.349998,40.910000,36.997589,596100,-,26.718347,33.066856,36.104077,36.309367,1122706.00
01/25/2018,40.419998,40.790001,40.180000,40.310001,36.454967,700400,-,26.657664,32.890867,36.004597,36.254201,1124302.00
01/24/2018,40.090000,40.419998,39.900002,40.090000,36.256008,1539000,-,26.601910,32.724283,35.949430,36.216218,1122364.00
01/23/2018,39.990002,40.200001,39.099998,39.990002,36.165573,918900,-,26.545296,32.561135,35.875272,36.193609,1109728.00
01/22/2018,40.119999,40.360001,40.000000,40.220001,36.373577,789400,-,26.489045,32.407936,35.785288,36.194513,1101392.00
01/19/2018,39.619999,40.189999,39.619999,39.990002,36.165573,1032500,-,26.433788,32.252747,35.646920,36.170095,1097914.00
01/18/2018,39.860001,40.139999,39.599998,39.790001,35.984707,773100,-,26.376180,32.106059,35.484586,36.123973,1097264.00
01/17/2018,39.730000,40.540001,39.639999,40.000000,36.174614,1261500,-,NaN,31.957019,35.327679,36.066093,1094782.00
01/16/2018,40.779999,40.860001,39.529999,39.580002,35.794785,1057000,-,NaN,31.806894,35.124197,36.014545,1088726.00
01/12/2018,40.540001,40.919998,40.270000,40.610001,36.726280,1313400,-,NaN,31.664909,34.940158,35.995552,1099008.00
01/11/2018,40.060001,40.805000,39.959999,40.299999,36.445923,1661600,-,NaN,31.489100,34.723563,35.898786,1094998.00
01/10/2018,39.720001,39.889999,39.200001,39.889999,36.075142,1006200,-,NaN,31.313473,34.494306,35.754992,1086886.00
01/09/2018,39.959999,39.980000,39.259998,39.840000,36.029915,664000,-,NaN,31.147070,34.281780,35.682642,1090304.00
01/08/2018,39.799999,40.150002,39.330002,40.000000,36.174614,865600,-,NaN,30.986093,34.028558,35.556936,1098450.00
01/05/2018,39.730000,40.080002,39.509998,39.950001,36.129402,621700,-,NaN,30.823307,33.756796,35.376063,1130266.00
01/04/2018,39.220001,39.520000,38.910000,39.480000,35.704346,485600,-,NaN,30.643881,33.466947,35.123745,1159668.00
01/03/2018,39.619999,39.849998,39.080002,39.150002,35.405910,974100,-,NaN,30.462103,33.182072,34.845200,1174526.00
01/02/2018,39.549999,39.689999,39.200001,39.430000,35.659130,823200,-,NaN,30.295881,32.932467,34.589264,1180818.00
12/29/2017,39.820000,39.859001,39.075001,39.369999,35.604862,598700,-,NaN,30.113018,32.682410,34.233849,1194578.00
12/28/2017,38.840000,39.689999,38.840000,39.540001,35.758614,535200,-,NaN,29.925272,32.408388,33.884764,1200650.00
12/27/2017,39.110001,39.150002,38.680000,38.709999,35.007988,560200,-,NaN,29.734451,32.109495,33.548339,1202714.00
12/26/2017,38.630001,39.150002,38.448002,39.090000,35.351639,908100,-,NaN,29.556110,31.850846,33.233620,1205478.00
12/22/2017,38.000000,38.540001,37.910000,38.450001,34.772850,925200,-,NaN,29.362576,31.548337,32.880918,1205700.00
12/21/2017,37.160000,38.049999,37.160000,38.000000,34.365887,1609700,-,NaN,29.184959,31.287879,32.500180,1197880.00
12/20/2017,36.820000,37.360001,36.645000,37.160000,33.606220,1393000,-,NaN,29.024163,31.021544,32.137530,1174934.00
12/19/2017,36.400002,36.490002,36.070000,36.400002,32.918900,636400,-,NaN,28.883805,30.786409,31.810150,1161764.00
12/18/2017,35.930000,36.459999,35.730000,36.320000,32.846554,943400,-,NaN,28.756109,30.586092,31.518944,1161462.00
12/15/2017,35.599998,36.049999,35.389999,35.500000,32.104973,1395900,-,NaN,28.632572,30.367688,31.275670,1155796.00
12/14/2017,35.900002,36.580002,35.450001,35.509998,32.114014,1043100,-,NaN,28.530198,30.184101,31.130972,1142808.00
12/13/2017,35.310001,35.959999,35.181000,35.820000,32.394371,1609700,-,NaN,28.423664,29.989211,30.932012,1133848.00
12/12/2017,35.119999,35.529999,35.070000,35.230000,31.860798,827200,-,NaN,28.311523,29.788894,30.670650,1117748.00
12/11/2017,34.430000,35.279999,34.430000,35.189999,31.824617,1331000,-,NaN,28.215117,29.605760,30.468072,1126884.00
12/08/2017,34.130001,34.740002,34.060001,34.240002,30.965469,738500,-,NaN,28.103338,29.420817,30.215755,1127364.00
12/07/2017,33.450001,34.130001,33.410999,33.990002,30.739386,957400,-,NaN,28.010550,29.277476,30.075578,1127372.00
12/06/2017,33.200001,33.665001,33.189999,33.540001,30.332415,1027800,-,NaN,27.929699,29.165786,29.905557,1126698.00
12/05/2017,33.779999,34.279999,33.080002,33.180000,30.006845,3159600,-,NaN,27.859882,29.079872,29.762667,1120432.00
12/04/2017,34.110001,34.470001,33.610001,33.630001,30.413811,1475000,-,NaN,27.798024,29.021088,29.653239,1079072.00
12/01/2017,33.299999,34.369999,33.299999,33.900002,30.657991,1238600,-,NaN,27.723685,28.927034,29.459705,1096956.00
11/30/2017,33.270000,33.950001,33.040001,33.310001,30.124416,2890700,-,NaN,27.642473,28.827554,29.237231,1097286.00
11/29/2017,33.000000,33.340000,32.860001,32.930000,29.780756,771100,-,NaN,27.566144,28.756109,29.046410,1050876.00
11/28/2017,32.450001,33.020000,32.369999,32.990002,29.835014,985300,-,NaN,27.500849,28.663863,28.907138,1046506.00
11/27/2017,32.660000,32.799999,31.841000,32.400002,29.301443,820300,-,NaN,27.443332,28.555340,28.743448,1039046.00
11/24/2017,32.299999,33.160000,32.299999,32.689999,29.563705,1739600,-,NaN,27.392325,28.478016,28.625880,1073640.00
11/22/2017,32.000000,32.810001,31.900000,32.110001,29.039173,1598500,-,NaN,27.346745,28.398884,28.479373,1051186.00
11/21/2017,32.049999,32.240002,31.870001,31.959999,28.903519,1230100,-,NaN,27.319614,28.348692,28.426016,1041820.00
11/20/2017,31.490000,32.020000,31.440001,31.969999,28.912563,1250500,-,NaN,27.280365,28.261421,28.397076,1028970.00
11/17/2017,31.350000,31.594999,31.200001,31.490000,28.478470,1270300,-,NaN,27.237498,28.146567,28.388937,1024630.00
11/16/2017,31.180000,31.629999,31.059999,31.440001,28.433252,658000,-,NaN,27.197706,28.077383,28.394363,1020296.00
11/15/2017,31.250000,31.420000,30.490000,31.200001,28.216204,1057500,-,NaN,27.169851,27.981520,28.417876,1033446.00
11/14/2017,31.250000,31.889999,31.129999,31.389999,28.388033,1866400,-,NaN,27.149594,27.881587,28.465808,1030188.00
11/13/2017,30.990000,31.700001,30.920000,31.180000,28.198116,675900,-,NaN,27.107993,27.773064,28.420589,1006504.00
11/10/2017,30.879999,31.230000,30.830000,31.100000,28.125767,603500,-,NaN,27.088458,27.667705,28.367231,1013964.00
11/09/2017,31.290001,31.799999,30.540001,31.070000,28.098633,907200,-,NaN,27.050475,27.545163,28.330153,1048394.00
11/08/2017,31.510000,31.690001,31.120001,31.520000,28.505600,502100,-,NaN,26.997118,27.434831,28.318396,1050534.00
11/07/2017,31.959999,31.959999,31.525000,31.639999,28.614122,615500,-,NaN,26.932908,27.325855,28.271369,1062224.00
11/06/2017,31.549999,32.000000,31.549999,31.879999,28.831171,1000000,-,NaN,26.877741,27.224566,28.125766,1076776.00
11/03/2017,31.580000,31.860001,31.459999,31.549999,28.532732,649000,-,NaN,26.805392,27.109711,27.904197,1077174.00
11/02/2017,31.629999,32.070000,31.440001,31.700001,28.668385,958700,-,NaN,26.737745,27.016562,27.760402,1113600.00
11/01/2017,31.030001,32.040001,31.030001,31.730000,28.695517,1571100,-,NaN,26.670641,26.932456,27.545163,1115592.00
10/31/2017,30.709999,31.040001,30.590000,30.889999,27.935848,1112900,-,NaN,26.593770,26.837045,27.297367,1099982.00
10/30/2017,30.610001,30.879999,30.260000,30.590000,27.664539,1256000,-,NaN,26.538604,26.779618,27.125538,1099766.00
10/27/2017,30.750000,31.170000,30.549999,30.690001,27.754978,1177100,-,NaN,26.477469,26.748417,26.968178,1158190.00
10/26/2017,31.340000,31.540001,30.360001,30.940001,27.981068,1071300,-,NaN,26.427729,26.672450,26.760174,1145506.00
10/25/2017,30.690001,31.700001,30.020000,31.000000,28.035330,2456400,-,NaN,26.378350,26.589701,26.551266,1157278.00
10/24/2017,29.350000,30.139999,29.350000,30.030001,27.158094,2091800,-,NaN,26.328068,26.522778,26.380341,1128492.00
10/23/2017,30.020000,30.049999,29.420000,29.430000,26.615477,1228500,-,NaN,26.300937,26.506951,26.323366,1100494.00
10/20/2017,29.530001,30.059999,29.469999,29.959999,27.094788,1288700,-,NaN,26.279594,26.521873,26.315226,1094036.00
10/19/2017,28.940001,29.320000,28.840000,29.320000,26.515995,1511200,-,NaN,26.251558,26.501977,26.272721,1085050.00
10/18/2017,29.030001,29.219999,28.570000,28.990000,26.217556,902300,-,NaN,26.235280,26.506047,26.319748,1071884.00
10/17/2017,28.860001,29.299999,28.855000,28.990000,26.217556,638400,-,NaN,26.231120,26.510569,26.376723,1069132.00
10/16/2017,28.459999,28.980000,28.459999,28.850000,26.090942,698400,-,NaN,26.231481,26.525491,26.433698,1086060.00
10/13/2017,28.830000,29.219999,28.080000,28.389999,25.674936,919200,-,NaN,26.220086,26.568900,26.528656,1106580.00
10/12/2017,28.980000,29.270000,28.600000,28.629999,25.891983,534200,-,NaN,26.226236,26.622710,26.584727,1117784.00
10/11/2017,29.320000,29.580000,29.100000,29.110001,26.326080,462400,-,NaN,26.254814,26.692346,26.628136,1127724.00
10/10/2017,29.590000,29.879999,28.959999,29.400000,26.588345,734500,-,NaN,26.272720,26.760173,26.665215,1199862.00
10/09/2017,29.620001,29.910000,29.200001,29.340000,26.534081,621300,-,NaN,26.248122,26.777809,26.690537,1217602.00
10/06/2017,29.730000,29.830000,29.389999,29.490000,26.669737,660100,-,NaN,26.213032,26.789565,26.728520,1218932.00
10/05/2017,29.680000,30.420000,29.680000,29.840000,26.986261,746500,-,NaN,26.168899,26.780522,26.731233,1227252.00
10/04/2017,29.530001,29.980000,29.490000,29.620001,26.787306,595100,-,NaN,26.127841,26.783235,26.692346,1227152.00
10/03/2017,29.900000,30.100000,29.440001,29.620001,26.787306,804700,-,NaN,26.086783,26.804035,26.644415,1232196.00
10/02/2017,29.110001,30.129999,28.980000,29.900000,27.040527,1284000,-,NaN,26.043916,26.780070,26.617284,1234206.00
09/29/2017,29.000000,29.129999,28.620001,29.010000,26.235640,1355000,-,NaN,25.991282,26.789113,26.609144,1227898.00
09/28/2017,29.410000,29.559999,29.045000,29.110001,26.326080,738900,-,NaN,25.949500,26.788661,26.660693,1224196.00
09/27/2017,29.750000,30.230000,29.430000,29.520000,26.696867,923700,-,NaN,25.909889,26.743895,26.756556,1235404.00
09/26/2017,29.690001,30.059999,29.620001,29.680000,26.841564,714500,-,NaN,25.853095,26.673807,26.855132,1232868.00
09/25/2017,29.639999,30.250000,29.639999,29.760000,26.913916,1091600,-,NaN,25.803536,26.624519,26.865080,1230382.00
09/22/2017,29.150000,30.090000,29.150000,29.520000,26.696867,2369200,-,NaN,25.759222,26.539508,26.850610,1225432.00
09/21/2017,28.930000,29.520000,28.840000,29.410000,26.597389,1255100,-,NaN,25.719791,26.462185,26.829810,1200768.00
09/20/2017,29.350000,29.559999,29.059999,29.090000,26.307991,570200,-,NaN,25.664806,26.397975,26.874124,1199260.00
09/19/2017,29.850000,29.879999,29.150000,29.320000,26.515995,552600,-,NaN,25.606746,26.325174,26.963656,1205334.00
09/18/2017,29.660000,30.000000,29.660000,29.809999,26.959135,612300,-,NaN,25.541812,26.258251,26.942855,1205528.00
09/15/2017,30.170000,30.170000,29.459999,29.580000,26.751129,2550000,-,NaN,25.460419,26.140683,26.969082,1206348.00
09/14/2017,30.450001,30.520000,30.059999,30.170000,27.284706,616900,-,NaN,25.379207,26.066525,26.916629,1174718.00
09/13/2017,29.709999,30.690001,29.709999,30.610001,27.682627,1130200,-,NaN,25.292750,25.977897,26.731234,1177794.00
09/12/2017,29.590000,30.090000,29.520000,29.790001,26.941048,587600,-,NaN,25.188567,25.869825,26.492481,1166072.00
09/11/2017,29.440001,30.360001,29.440001,29.600000,26.769217,1033500,-,NaN,25.091981,25.812850,26.383957,1172972.00
09/08/2017,29.690001,29.809999,29.030001,29.290001,26.488863,1053600,-,NaN,24.997023,25.751806,26.228406,1174050.00
09/07/2017,30.030001,30.275000,29.030001,29.900000,27.040527,1315500,-,NaN,24.892840,25.712014,26.094560,1167260.00
09/06/2017,30.000000,30.280001,29.280001,30.080000,27.203312,894600,-,NaN,24.776900,25.645091,25.921826,1168910.00
09/05/2017,30.120001,30.299999,29.045000,29.090000,26.307991,682200,-,NaN,24.654449,25.585402,25.686691,1178076.00
09/01/2017,29.170000,30.559999,29.170000,30.100000,27.221401,1048900,-,NaN,24.544478,25.581785,25.573646,1295002.00
08/31/2017,28.240000,29.170000,28.219999,29.000000,26.226597,2325000,-,NaN,24.424017,25.496774,25.312284,1293320.00
08/30/2017,27.950001,28.250000,27.840000,28.120001,25.430756,1014200,-,NaN,24.322004,25.484566,25.216421,1271710.00
08/29/2017,28.330000,28.520000,27.920000,27.969999,25.295101,1086600,-,NaN,24.236813,25.579072,25.224561,1270140.00
08/28/2017,27.879999,28.620001,27.750000,28.590000,25.855808,1343100,-,NaN,24.156144,25.675387,25.247170,1270638.00
08/25/2017,28.000000,28.160000,27.830000,27.879999,25.213707,1019900,-,NaN,24.063356,25.650517,25.241743,1424774.00
08/24/2017,28.049999,28.049999,27.740000,27.809999,25.150404,2470300,-,NaN,23.994986,25.628812,25.275205,1432732.00
08/23/2017,27.450001,28.160000,27.410000,27.990000,25.313187,1058300,-,NaN,23.955555,25.594446,25.329467,1417064.00
08/22/2017,28.000000,28.040001,27.480000,27.480000,24.851963,790600,-,NaN,23.903645,25.575454,25.368355,1426996.00
08/21/2017,27.290001,27.940001,27.000000,27.840000,25.177534,1102100,-,NaN,23.854628,25.569576,25.484114,1432468.00
08/18/2017,27.330000,27.330000,26.730000,27.209999,24.607782,4177200,-,NaN,23.792950,25.542897,25.589924,1434474.00
08/17/2017,28.010000,28.250000,27.889999,27.940001,25.267969,542900,-,NaN,23.731092,25.532949,25.681265,1366856.00
08/16/2017,28.219999,28.330000,27.770000,28.209999,25.512152,1659900,-,NaN,23.664169,25.476879,25.752710,1378538.00
08/15/2017,28.549999,28.650000,28.049999,28.219999,25.521191,1017100,-,NaN,23.592543,25.418547,25.933583,1361076.00
08/14/2017,28.480000,28.790001,28.270000,28.530001,25.801546,691900,-,NaN,23.516215,25.335345,26.103604,1363832.00
08/11/2017,28.219999,28.700001,27.709999,28.250000,25.548323,905600,-,NaN,23.423427,25.263448,26.059290,1381568.00
08/10/2017,28.410000,28.535999,28.145000,28.410000,25.693026,839400,-,NaN,23.348907,25.220943,25.982419,1374862.00
08/09/2017,28.730000,28.930000,28.250000,28.420000,25.702063,852900,-,NaN,23.274387,25.172559,25.859425,1367352.00
08/08/2017,29.059999,29.590000,28.719999,28.760000,26.009550,764700,-,NaN,23.209635,25.079862,25.782554,1362494.00
08/07/2017,28.250000,29.240000,28.250000,29.010000,26.235640,1484800,-,NaN,23.137285,24.949634,25.655039,1358224.00
08/04/2017,28.700001,28.780001,28.150000,28.219999,25.521191,1724400,-,NaN,23.046125,24.801318,25.495870,1342846.00
08/03/2017,30.280001,30.280001,28.639999,28.730000,25.982420,1479400,-,NaN,22.969797,24.669733,25.384634,1318582.00
08/02/2017,30.299999,30.629999,29.920000,30.209999,27.320879,1031200,-,NaN,22.876467,24.505138,25.201047,1303410.00
08/01/2017,29.830000,30.950001,29.295000,30.100000,27.221401,4069300,-,NaN,22.751302,24.287186,24.903511,1302830.00
07/31/2017,27.400000,28.379999,27.200001,28.040001,25.358408,1621500,-,NaN,22.628309,24.049790,24.567087,1236178.00
07/28/2017,26.950001,27.459999,26.610001,27.400000,24.779612,687800,-,NaN,22.545469,23.887457,24.467607,1215394.00
07/27/2017,27.700001,27.830000,26.841000,27.049999,24.463083,1076100,-,NaN,22.473120,23.749541,24.459467,1220272.00
07/26/2017,27.610001,27.799999,27.280001,27.570000,24.933355,741500,-,NaN,22.420305,23.590373,24.485694,1227436.00
07/25/2017,27.400000,27.920000,27.120001,27.350000,24.734398,847300,-,NaN,22.369479,23.405882,24.377171,1221616.00
07/24/2017,27.240000,27.420000,26.820000,27.250000,24.643957,905200,-,NaN,22.327155,23.223200,24.244229,1215390.00
07/21/2017,26.959999,27.165001,26.750000,26.990000,24.408823,968600,-,NaN,22.281756,23.031475,24.106765,1208492.00
07/20/2017,27.190001,27.250000,26.670000,26.700001,24.146557,1169900,-,NaN,22.250465,22.870950,23.954832,1208938.00
07/19/2017,26.500000,27.179001,26.434999,26.920000,24.345516,1299300,-,NaN,22.218993,22.719921,23.809229,1199716.00
07/18/2017,26.760000,27.049999,26.309999,26.379999,23.857161,796900,-,NaN,22.169795,22.561205,23.670861,1200754.00
07/17/2017,27.160000,27.639999,26.850000,26.940001,24.363605,590200,-,NaN,22.126024,22.431429,23.532493,1208198.00
07/14/2017,27.330000,27.879999,27.160000,27.309999,24.698217,844100,-,NaN,22.069049,22.274069,23.307307,1296262.00
07/13/2017,26.379999,27.480000,26.340000,27.340000,24.725353,1136000,-,NaN,22.028534,22.128918,23.039615,1320398.00
07/12/2017,26.200001,26.700001,26.080000,26.370001,23.848118,1179700,-,NaN,22.004839,22.051595,22.695052,1315992.00
07/11/2017,25.520000,25.959999,25.420000,25.879999,23.404978,873900,-,NaN,21.993625,21.995072,22.434594,1301634.00
07/10/2017,25.309999,25.785000,24.930000,25.730000,23.269323,562300,-,NaN,21.985124,21.944880,22.202172,1292458.00
07/07/2017,25.090000,25.360001,24.645000,25.309999,22.889490,653300,-,NaN,21.993806,21.886096,21.956185,1292574.00
07/06/2017,25.320000,25.764999,25.000000,25.090000,22.690529,968500,-,NaN,22.015872,21.817364,21.787068,1296544.00
07/05/2017,24.959999,25.410000,24.559999,25.389999,22.961840,770700,-,NaN,22.034141,21.778929,21.630613,1288070.00
07/03/2017,24.469999,25.000000,24.370001,24.850000,22.473480,544100,-,NaN,22.052228,21.727380,21.451549,1277884.00
06/30/2017,24.450001,24.600000,24.150000,24.450001,22.111738,932600,-,NaN,22.067421,21.688944,21.330364,1277494.00
06/29/2017,23.520000,24.450001,23.420000,24.350000,22.021301,1087400,-,NaN,22.077369,21.641465,21.240831,1268670.00
06/28/2017,23.549999,23.740000,23.334999,23.530001,21.279718,714100,-,NaN,22.088041,21.631517,21.218222,1268544.00
06/27/2017,23.510000,23.870001,23.290001,23.490000,21.243544,1398000,-,NaN,22.096542,21.665883,21.408139,1315106.00
06/26/2017,22.900000,23.459999,22.760000,23.309999,21.080757,1352900,-,NaN,22.095276,21.726927,21.555550,1325842.00
06/23/2017,23.410000,23.410000,22.580000,23.010000,20.809450,6528500,-,NaN,22.104500,21.792494,21.687588,1372802.00
06/22/2017,23.440001,23.809999,23.170000,23.440001,21.198326,964800,-,NaN,22.154059,21.835904,21.816007,1262292.00
06/21/2017,23.410000,23.580000,23.000000,23.360001,21.125978,1244500,-,NaN,22.227313,21.861226,21.847660,1254866.00
06/20/2017,23.270000,23.500000,22.770000,23.410000,21.171196,935700,-,NaN,22.310876,21.870721,21.927244,1246302.00
06/19/2017,23.480000,23.610001,22.877001,23.510000,21.261629,1111500,-,NaN,22.386119,21.865295,22.003211,1235956.00
06/16/2017,24.100000,24.100000,22.590000,23.459999,21.216413,9049900,-,NaN,22.459192,21.855800,22.047525,1246014.00
06/15/2017,25.540001,25.610001,23.670000,24.100000,21.795206,1417800,-,NaN,22.541309,21.855800,22.042098,1128586.00
06/14/2017,25.230000,26.180000,25.122999,25.629999,23.178886,1686900,-,NaN,22.598284,21.824147,22.044812,1174456.00
06/13/2017,24.680000,25.680000,24.600000,25.120001,22.717661,1554900,-,NaN,NaN,21.756319,21.923627,NaN
06/12/2017,24.430000,24.905001,24.230000,24.770000,22.401129,1064200,-,NaN,NaN,21.740041,21.898305,NaN
06/09/2017,23.770000,24.639999,23.680000,24.430000,22.093649,1202400,-,NaN,NaN,21.750893,21.897400,NaN
06/08/2017,24.139999,24.290001,23.600000,23.790001,21.514856,796300,-,NaN,NaN,21.764911,21.855800,NaN
06/07/2017,24.200001,24.900000,23.790001,24.240000,21.921818,1127000,-,NaN,NaN,21.831382,21.874791,NaN
06/06/2017,24.020000,24.775000,23.959999,24.250000,21.930859,786800,-,NaN,NaN,21.863939,21.814198,NaN
06/05/2017,23.510000,24.100000,23.271000,24.000000,21.704769,1154900,-,NaN,NaN,21.861678,21.727380,NaN
06/02/2017,24.160000,24.160000,22.799999,23.400000,21.162151,1578700,-,NaN,NaN,21.859869,21.664075,NaN
06/01/2017,24.299999,24.450001,23.520000,24.129999,21.822338,570300,-,NaN,NaN,21.877505,21.669501,NaN
05/31/2017,24.790001,24.790001,23.910000,24.290001,21.967037,463900,-,NaN,NaN,21.920010,21.603482,NaN
05/30/2017,24.840000,24.930000,24.459999,24.840000,22.464439,610000,-,NaN,NaN,21.998690,21.589012,NaN
05/26/2017,23.930000,24.760000,23.740999,24.760000,22.392088,551200,-,NaN,NaN,22.039838,21.581777,NaN
05/25/2017,24.280001,24.600000,23.570000,23.969999,21.677641,715900,-,NaN,NaN,22.069230,21.604386,NaN
05/24/2017,23.510000,24.480000,23.330000,24.000000,21.704769,511200,-,NaN,NaN,22.170519,21.674022,NaN
05/23/2017,23.350000,23.860001,23.080000,23.570000,21.315893,720800,-,NaN,NaN,22.284921,21.787972,NaN
05/22/2017,23.350000,23.750000,23.070000,23.290001,21.062672,1002200,-,NaN,NaN,22.399323,21.913679,NaN
05/19/2017,23.209999,24.063999,23.100000,23.299999,21.071716,736700,-,NaN,NaN,22.539500,21.995976,NaN
05/18/2017,23.330000,24.190001,22.870001,23.459999,21.216413,582300,-,NaN,NaN,22.647572,22.055664,NaN
05/17/2017,23.969999,24.469999,22.969999,23.400000,21.162151,931700,-,NaN,NaN,22.717208,22.085508,NaN
05/16/2017,24.639999,24.889999,23.830000,24.129999,21.822338,1434300,-,NaN,NaN,22.786844,22.236538,NaN
05/15/2017,24.969999,25.250000,24.639999,24.760000,22.392088,450500,-,NaN,NaN,22.780966,22.408367,NaN
05/12/2017,24.620001,25.090000,24.450001,25.010000,22.618177,536000,-,NaN,NaN,22.720373,22.497899,NaN
05/11/2017,25.139999,25.340000,24.530001,24.740000,22.374001,560300,-,NaN,NaN,22.666564,22.534074,NaN
05/10/2017,24.959999,25.629999,24.690001,25.260000,22.844271,990900,-,NaN,NaN,22.712234,22.667016,NaN
05/09/2017,24.230000,25.080000,24.110001,24.959999,22.572960,708800,-,NaN,NaN,22.813071,22.781870,NaN
05/08/2017,24.000000,24.705000,23.879999,24.200001,21.885643,1351200,-,NaN,NaN,22.949630,22.884968,NaN
05/05/2017,24.160000,24.360001,23.629999,23.959999,21.668598,1169100,-,NaN,NaN,23.102015,23.083024,NaN
05/04/2017,25.040001,25.100000,23.780001,23.790001,21.514856,4993400,-,NaN,NaN,23.264349,23.239479,NaN
05/03/2017,26.049999,26.830000,24.801001,25.070000,22.672443,2050900,-,NaN,NaN,23.454718,23.348907,NaN
05/02/2017,25.900000,26.500000,25.750000,26.030001,23.540634,915700,-,NaN,NaN,23.553293,23.337151,NaN
05/01/2017,25.740000,26.010000,25.309999,25.750000,23.287411,461800,-,NaN,NaN,NaN,23.153564,NaN
04/28/2017,26.500000,26.500000,25.190001,25.410000,22.979927,415100,-,NaN,NaN,NaN,22.942847,NaN
04/27/2017,26.730000,26.750000,26.030001,26.209999,23.703415,568100,-,NaN,NaN,NaN,22.799053,NaN
04/26/2017,26.750000,27.000000,26.000000,26.530001,23.992813,851800,-,NaN,NaN,NaN,22.757452,NaN
04/25/2017,26.990000,27.000000,25.459999,26.100000,23.603941,544800,-,NaN,NaN,NaN,22.844271,NaN
04/24/2017,26.700001,26.950001,26.010000,26.389999,23.866205,261400,-,NaN,NaN,NaN,23.014292,NaN
04/21/2017,25.120001,25.950001,25.120001,25.690001,23.233147,524600,-,NaN,NaN,NaN,23.121007,NaN
04/20/2017,25.059999,25.290001,24.719999,25.000000,22.609137,491400,-,NaN,NaN,NaN,23.289219,NaN
04/19/2017,24.500000,25.150000,24.430000,24.940001,22.554876,1081100,-,NaN,NaN,NaN,23.560528,NaN
04/18/2017,23.410000,24.650000,23.410000,24.000000,21.704769,3042200,-,NaN,NaN,NaN,23.769436,NaN
04/17/2017,23.950001,23.990000,22.610001,23.420000,21.180237,1934800,-,NaN,NaN,NaN,NaN,NaN
04/13/2017,25.780001,25.889999,23.280001,23.820000,21.541986,3700900,-,NaN,NaN,NaN,NaN,NaN
04/12/2017,27.430000,27.610001,25.480000,25.750000,23.287411,1003000,-,NaN,NaN,NaN,NaN,NaN
04/11/2017,27.650000,27.900000,27.020000,27.490000,24.861006,593500,-,NaN,NaN,NaN,NaN,NaN
04/10/2017,28.000000,28.469999,27.260000,27.980000,25.304142,816300,-,NaN,NaN,NaN,NaN,NaN
04/07/2017,27.450001,27.882000,27.120001,27.570000,24.933355,418400,-,NaN,NaN,NaN,NaN,NaN
04/06/2017,28.150000,28.620001,27.010000,27.549999,24.915266,1614400,-,NaN,NaN,NaN,NaN,NaN
04/05/2017,27.990000,28.500000,26.000000,28.000000,25.322233,3178500,-,NaN,NaN,NaN,NaN,NaN
04/04/2017,32.000000,32.500000,26.510000,27.250000,24.643957,3711300,-,NaN,NaN,NaN,NaN,NaN
