Date,Open,High,Low,Close,Adj_Close,Volume
3/4/2020,27.16,27.764999,23.604099,25.67,25.67,3245918
3/3/2020,31.23,31.450001,27.940001,28.09,28.09,1391275
3/2/2020,29.49,31.49,29,31,31,1143658
2/28/2020,28.5,29.82,28.01,29.41,29.41,1092797
2/27/2020,29.309999,30.75,29.09,29.549999,29.549999,1026603
2/26/2020,29.23,30.799999,29.17,30.25,30.25,593923
2/25/2020,29.469999,30.15,28.93,29.17,29.17,761329
2/24/2020,28.27,29.49,26.43,29.23,29.23,1002539
2/21/2020,30.870001,31.1,29.84,29.959999,29.959999,1204213
2/20/2020,29.35,30.135,28.780001,29.299999,29.299999,666141
2/19/2020,29.4,29.82,29.190001,29.34,29.34,583747
2/18/2020,29.049999,29.450001,28.299999,29.139999,29.139999,815864
2/14/2020,28.5,30.59,28.5,29.040001,29.040001,1960377
2/13/2020,27.799999,28.610001,27.309999,28.459999,28.459999,557155
2/12/2020,27.120001,29.84,26.959999,28.1,28.1,1140887
2/11/2020,26.620001,27.32,26.620001,27.17,27.17,526110
2/10/2020,26.459999,26.815001,25.75,26.74,26.74,619706
2/7/2020,25.77,26.75,25.1901,26.379999,26.379999,661708
2/6/2020,24.370001,26.68,23.92,26.215,26.215,990820
2/5/2020,23.93,24.5,23.59,24.370001,24.370001,895863
2/4/2020,23.440001,24.26,22.41,23.665001,23.665001,795236
2/3/2020,23.1,23.360001,22.530001,23.24,23.24,782552
1/31/2020,23.110001,23.32,22.25,22.98,22.98,546136
1/30/2020,22.33,23.42,22.030001,23.290001,23.290001,663801
1/29/2020,22.5,23.42,22.180099,22.540001,22.540001,577086
1/28/2020,20.52,22.459999,20.52,22.360001,22.360001,1148172
1/27/2020,21.16,21.280001,20.200001,20.49,20.49,444991
1/24/2020,21.66,21.950001,20.5,21.51,21.51,856216
1/23/2020,20.870001,21.48,20.15,21.299999,21.299999,320047
1/22/2020,19.450001,21.24,19.450001,21.07,21.07,712209
1/21/2020,20.440001,20.48,19.26,19.440001,19.440001,587688
1/17/2020,20.870001,21.070999,20.02,20.15,20.15,605760
1/16/2020,20.24,21.639999,20.24,20.860001,20.860001,801511
1/15/2020,18.98,20.52,18.799999,20.200001,20.200001,708517
1/14/2020,18.950001,19.4021,18.68,19.120001,19.120001,349648
1/13/2020,19.040001,19.76,18.799999,18.934999,18.934999,1082995
1/10/2020,18.799999,18.799999,18.26,18.360001,18.360001,367100
1/9/2020,18.82,18.84,18.309999,18.76,18.76,364936
1/8/2020,19.15,19.365,18.42,18.82,18.82,736915
1/7/2020,19.15,19.639999,19.139999,19.15,19.15,348015
1/6/2020,18.65,19.469999,18.299999,19.42,19.42,507745
1/3/2020,18.77,19.18,18.5,18.83,18.83,463970
1/2/2020,19.5,19.605,18.799999,18.889999,18.889999,666080
12/31/2019,18.58,19.379999,18.58,19.290001,19.290001,614318
12/30/2019,18.57,19.290001,18.280001,18.57,18.57,604339
12/27/2019,19.4,19.945,18.450001,18.57,18.57,1224496
12/26/2019,19.24,19.85,19.1,19.75,19.75,470011
12/24/2019,18.870001,19.629999,18.870001,19.209999,19.209999,627394
12/23/2019,19.549999,19.65,18.030001,18.700001,18.700001,1802864
12/20/2019,22.530001,22.625,19.32,19.860001,19.860001,2879526
12/19/2019,23.1,23.799999,22.5,22.68,22.68,877763
12/18/2019,22.35,23.5,21.9,23.059999,23.059999,1076459
12/17/2019,20.25,22.35,20.01,22.205,22.205,997473
12/16/2019,19.139999,20.32,19.049999,20.219999,20.219999,680536
12/13/2019,19.299999,19.85,18.75,18.92,18.92,819630
12/12/2019,18.35,20.09,18.201599,19.465,19.465,1214755
12/11/2019,18.280001,18.709999,17.6,18.35,18.35,666483
12/10/2019,18.389999,18.690001,18.02,18.16,18.16,467843
12/9/2019,19.18,19.684999,18.43,18.459999,18.459999,595953
12/6/2019,19.08,19.98,18.48,19.33,19.33,684580
12/5/2019,18.58,19.24,18.200001,19.139999,19.139999,660354
12/4/2019,19.98,19.98,18.279301,18.465,18.465,1228906
12/3/2019,18.57,20.51,18.26,20.110001,20.110001,843717
12/2/2019,17.98,18.82,17.209999,18.75,18.75,940961
11/29/2019,19.91,19.91,17.870001,17.969999,17.969999,958827
11/27/2019,18.950001,19.879999,18.790001,19.76,19.76,564187
11/26/2019,17.790001,19.290001,17.709999,18.98,18.98,831044
11/25/2019,17.780001,18.16,16.75,18.1,18.1,1108761
11/22/2019,17.26,18.3673,15.95,17.9,17.9,1514634
11/21/2019,18.66,18.73,16.950001,17.030001,17.030001,1055383
11/20/2019,19.02,19.530001,18.620001,18.67,18.67,439902
11/19/2019,20.309999,20.554001,18.9,19.17,19.17,839293
11/18/2019,22.6,22.889999,20.5,20.57,20.57,1104114
11/15/2019,23.1,23.639999,21.75,23.4,23.4,617924
11/14/2019,24.68,24.852501,22.6,23.08,23.08,641756
11/13/2019,24.530001,24.959999,21.602501,24.639999,24.639999,1143962
11/12/2019,25.209999,25.540001,22.82,23.27,23.27,870744
11/11/2019,24.360001,25.790001,24.1,24.940001,24.940001,432853
11/8/2019,24.32,24.940001,24.110001,24.370001,24.370001,313522
11/7/2019,23.66,24.915001,23.66,24.389999,24.389999,274179
11/6/2019,24.23,24.280399,23.65,23.77,23.77,265112
11/5/2019,24.67,25.125,24.219999,24.280001,24.280001,245473
11/4/2019,25.34,25.77,24.57,24.68,24.68,384091
11/1/2019,26.34,26.446501,25.1,25.33,25.33,459392
10/31/2019,27.040001,27.0658,26.24,26.48,26.48,220753
10/30/2019,26.700001,27.25,26.1,27.030001,27.030001,225304
10/29/2019,26.4,27.35,25.9002,26.9,26.9,333215
10/28/2019,26.85,27.2216,25.82,26.59,26.59,310275
10/25/2019,26.68,27.43,26.443501,26.969999,26.969999,329955
10/24/2019,26.530001,26.839899,25.889999,26.780001,26.780001,199609
10/23/2019,25,26.459999,23.610001,26.4,26.4,479941
10/22/2019,26.540001,26.614201,25.040001,25.17,25.17,350579
10/21/2019,27.33,27.9,26.59,26.690001,26.690001,299890
10/18/2019,27.299999,27.9,26.700001,27.235001,27.235001,257643
10/17/2019,26.98,27.950001,26.628401,27.450001,27.450001,464416
10/16/2019,26.209999,27.35,26.07,26.969999,26.969999,535968
10/15/2019,26.780001,27.790001,26.27,26.389999,26.389999,592880
10/14/2019,26.549999,27.559999,26.193501,26.780001,26.780001,414177
10/11/2019,25.049999,26.639999,25.049999,26.42,26.42,735368
10/10/2019,24.620001,25.450001,24.379999,24.780001,24.780001,252739
10/9/2019,24.43,25.57,24.24,24.639999,24.639999,261000
10/8/2019,24.59,24.73,23.129999,24.219999,24.219999,497682
10/7/2019,25.5,25.860001,24.540001,24.9,24.9,361629
10/4/2019,25.799999,26.43,25.23,25.695,25.695,311427
10/3/2019,25.440001,26.288,24.309999,25.969999,25.969999,586963
10/2/2019,24.059999,25.899401,23.700001,25.639999,25.639999,339179
10/1/2019,25,26,23.9265,24.35,24.35,604067
9/30/2019,23.450001,24.969999,23.450001,24.93,24.93,514586
9/27/2019,24,24.35,23.01,23.719999,23.719999,506658
9/26/2019,24.110001,24.51,22.360001,23.9,23.9,908285
9/25/2019,21.58,22.24,20.961399,22.16,22.16,446869
9/24/2019,23.84,24,21.66,21.92,21.92,658986
9/23/2019,23.459999,24.49,23.17,23.73,23.73,705757
9/20/2019,22.9,23.82,22.57,23.48,23.48,824498
9/19/2019,20.889999,22.860001,20.57,22.719999,22.719999,740743
9/18/2019,21,22.1,20.639999,20.84,20.84,708550
9/17/2019,20.25,21.870001,19.9095,20.91,20.91,877413
9/16/2019,19.48,19.91,19.35,19.77,19.77,389364
9/13/2019,19.540001,19.969999,18.84,19.620001,19.620001,397434
9/12/2019,19.950001,20.469999,19.629999,19.700001,19.700001,570023
9/11/2019,18.85,20.049999,18.17,19.92,19.92,533880
9/10/2019,17.83,18.905399,17.209999,18.75,18.75,539761
9/9/2019,17.190001,18.15,16.43,17.860001,17.860001,363687
9/6/2019,16.950001,17.6,16.860001,17.17,17.17,360520
9/5/2019,17.360001,17.73,16.6,16.84,16.84,627782
9/4/2019,17.9,17.981199,16.9146,17.35,17.35,511570
9/3/2019,18.01,18.25,17.309999,17.709999,17.709999,464310
8/30/2019,18.809999,19.08,17.959999,18.34,18.34,315350
8/29/2019,18.24,18.51,18.15,18.389999,18.389999,210977
8/28/2019,18.129999,18.530001,17.9349,18.030001,18.030001,181420
8/27/2019,18.77,19.0084,17.4356,17.780001,17.780001,321838
8/26/2019,18.280001,18.7523,18.200001,18.610001,18.610001,234873
8/23/2019,18.790001,19.370001,17.7672,18.059999,18.059999,499323
8/22/2019,20.030001,20.34,18.5681,19,19,557008
8/21/2019,18.99,20.02,18.7139,19.92,19.92,918621
8/20/2019,16.93,18.7899,16.93,18.75,18.75,690520
8/19/2019,18.030001,18.07,16.25,17.129999,17.129999,953713
8/16/2019,17.809999,18.1,17.4,17.540001,17.540001,515974
8/15/2019,17.129999,17.799999,16.700001,17.67,17.67,421168
8/14/2019,19,19.0224,16.82,17.1,17.1,1097674
8/13/2019,20.389999,20.959999,18.809999,18.93,18.93,969932
8/12/2019,20.879999,21.469999,20.51,20.559999,20.559999,450457
8/9/2019,21.58,21.639999,20.67,21.32,21.32,379874
8/8/2019,22.02,22.629999,21.469999,21.75,21.75,599880
8/7/2019,21.559999,22.200001,20.719999,22.01,22.01,513682
8/6/2019,22.059999,22.280001,20.200001,22.040001,22.040001,1226071
8/5/2019,20.950001,21.07,19.299999,20.200001,20.200001,967995
8/2/2019,20.76,21.58,20.07,21.49,21.49,438959
8/1/2019,21.870001,22.25,20.02,20.719999,20.719999,582447
7/31/2019,23.23,23.540001,21.746901,21.99,21.99,850680
7/30/2019,22.049999,23.3899,22.049999,23.209999,23.209999,569110
7/29/2019,21.91,22.360001,20.799999,22.280001,22.280001,757537
7/26/2019,23.280001,23.299999,20.35,21.76,21.76,2640327
7/25/2019,21,21.360001,20.188601,20.32,20.32,461619
7/24/2019,21.299999,21.43,20.280001,21.129999,21.129999,550081
7/23/2019,22.610001,22.757,21.09,21.43,21.43,626417
7/22/2019,22.49,22.9,21.59,22.48,22.48,663012
7/19/2019,22.030001,24.930201,22.030001,22.41,22.41,1296760
7/18/2019,21.280001,22.110001,21.120001,22.02,22.02,333124
7/17/2019,21.65,21.999001,21.242399,21.389999,21.389999,252000
7/16/2019,22,22.23,21.200001,21.690001,21.690001,470526
7/15/2019,22.809999,22.99,21.82,22.040001,22.040001,360432
7/12/2019,22.59,23.434999,22.459999,22.99,22.99,359264
7/11/2019,22.879999,23.1887,22.120001,22.51,22.51,369203
7/10/2019,24.08,24.110001,22.620001,22.91,22.91,651112
7/9/2019,24.719999,25.120001,23.84,23.93,23.93,421658
7/8/2019,26.01,26.139999,24.700001,25,25,529180
7/5/2019,25.74,26.540001,25.6,26.17,26.17,350601
7/3/2019,26.049999,26.74,25.41,26.110001,26.110001,212312
7/2/2019,26.16,26.709999,25.25,25.82,25.82,472054
7/1/2019,26.24,27.08,25.5397,26.4,26.4,401852
6/28/2019,24.889999,26,24.52,25.92,25.92,745777
6/27/2019,24.26,25.130899,24,24.719999,24.719999,377659
6/26/2019,24.459999,24.825001,24.059999,24.17,24.17,331757
6/25/2019,26.07,26.07,23.950001,24.43,24.43,578396
6/24/2019,25.950001,26.639999,25.51,26.129999,26.129999,657852
6/21/2019,26.65,27.549999,25.99,26.09,26.09,711820
6/20/2019,25.77,28,25.049999,26.58,26.58,882423
6/19/2019,25.51,25.9,24.751801,25.67,25.67,594490
6/18/2019,26.459999,26.6,24.99,25.67,25.67,630609
6/17/2019,27.809999,28.15,25.805,26.360001,26.360001,659663
6/14/2019,27.639999,28.25,27.0436,27.870001,27.870001,329247
6/13/2019,28.5,28.889999,27.51,27.780001,27.780001,761969
6/12/2019,28.52,29.27,27.809999,28.379999,28.379999,447581
6/11/2019,31.290001,31.290001,28.9,28.92,28.92,757858
6/10/2019,29.879999,31.209999,29.5,30.5,30.5,1036297
6/7/2019,28.969999,32.150002,27.450001,29.700001,29.700001,1543601
6/6/2019,31.469999,35,28.26,28.75,28.75,2551962
6/5/2019,29.15,29.51,27.76,28.719999,28.719999,586543
6/4/2019,26.870001,29.645,26.715,28.74,28.74,1108331
6/3/2019,25.57,27.450001,25.57,26.620001,26.620001,1023866
5/31/2019,23.120001,25.82,23.120001,25.790001,25.790001,689809
5/30/2019,23.42,23.799999,22.860001,23.469999,23.469999,304036
5/29/2019,22.530001,24.040001,22.110001,23.309999,23.309999,327500
5/28/2019,24.809999,25.049999,22.754999,23.030001,23.030001,568680
5/24/2019,25.27,25.99,24.4,24.9,24.9,525550
5/23/2019,24.870001,25.139999,24.25,24.620001,24.620001,527383
5/22/2019,25.879999,26.4,24.85,25.41,25.41,574252
5/21/2019,24.99,26.5,24.93,26.110001,26.110001,838297
5/20/2019,23.459999,26.1,23.27,24.799999,24.799999,1111943
5/17/2019,23.559999,23.969999,22.75,23.719999,23.719999,1074167
5/16/2019,23.52,24.65,23.0009,24.02,24.02,747182
5/15/2019,20.969999,24.08,20.75,23.450001,23.450001,1118540
5/14/2019,18.889999,21.65,18.889999,21.35,21.35,1046043
5/13/2019,19.9,20.190001,18.27,18.860001,18.860001,840389
5/10/2019,21.040001,21.309999,19.5648,20.32,20.32,772873
5/9/2019,21.73,21.9,20.370001,21.15,21.15,989768
5/8/2019,22.15,22.379999,21.01,21.719999,21.719999,993373
5/7/2019,24.25,25,21.5,21.940001,21.940001,2233521
5/6/2019,23.49,27.799999,23.4608,25.85,25.85,2610860
5/3/2019,21.67,23.959999,21.5,23.76,23.76,1096426
5/2/2019,21.879999,22.5,21.195,21.559999,21.559999,611652
5/1/2019,23.32,23.66,21.809999,21.879999,21.879999,978030
4/30/2019,25.200001,25.68,22.92,23.32,23.32,1228999
4/29/2019,25.07,26.299999,24.76,25.43,25.43,580119
4/26/2019,25.049999,25.370001,24.139999,25.120001,25.120001,643706
4/25/2019,24.74,25.76,24.290001,24.549999,24.549999,572112
4/24/2019,26.120001,28.16,24.559999,24.75,24.75,1387229
4/23/2019,24.950001,26.530001,24.85,26.120001,26.120001,1194789
4/22/2019,24,24.860001,23.411699,24.85,24.85,1170198
4/18/2019,23.9,24.43,23.25,23.85,23.85,707844
4/17/2019,24.18,24.440001,22.35,23.950001,23.950001,941190
4/16/2019,23.5,24.700001,23.35,24.200001,24.200001,777721
4/15/2019,23.99,24.32,22.66,23.43,23.43,1419204
4/12/2019,26.01,26.141199,23.370001,23.85,23.85,1767519
4/11/2019,26.76,26.937099,25.58,25.82,25.82,493556
4/10/2019,25.889999,26.969999,25.66,26.879999,26.879999,569511
4/9/2019,26.98,27.547501,25.469999,25.93,25.93,550597
4/8/2019,27.49,27.610001,26.860001,27.139999,27.139999,520013
4/5/2019,26.99,27.889999,26.190001,27.4,27.4,642801
4/4/2019,25.93,27.615,25.93,26.82,26.82,770225
4/3/2019,25.43,26.790001,25.02,26.059999,26.059999,843710
4/2/2019,26.18,26.337799,24.4338,25.4,25.4,986083
4/1/2019,27.059999,27.18,25.35,26,26,1289275
3/29/2019,28,28.25,26.4,26.82,26.82,1079230
3/28/2019,27.780001,28.15,27.000099,27.74,27.74,853435
3/27/2019,27.469999,28.139999,26.219999,27.84,27.84,1041615
3/26/2019,30.4,30.4,27.24,27.450001,27.450001,1089777
3/25/2019,29.34,30.155001,28.75,29.65,29.65,594626
3/22/2019,31.389999,31.450001,29.209999,29.34,29.34,1071039
3/21/2019,30.99,31.799999,30.35,31.290001,31.290001,1285603
3/20/2019,32.16,32.540001,28.815001,30.469999,30.469999,2378216
3/19/2019,33.369999,33.708,31.209999,32.540001,32.540001,1968886
3/18/2019,35.080002,35.299999,32.549999,33.23,33.23,1222425
3/15/2019,34.200001,35.970001,32.869999,34.169998,34.169998,2082130
3/14/2019,32.220001,34.189999,31.299999,33.529999,33.529999,2310790
3/13/2019,38.700001,39.369999,30,31.77,31.77,4979637
3/12/2019,38.09,39.299999,38.09,38.389999,38.389999,581329
3/11/2019,39.009998,39.41,36.91,38.09,38.09,1150554
3/8/2019,37.259998,39.5,35.509998,39.02,39.02,1564107
3/7/2019,40.490002,40.990002,37.200001,37.84,37.84,4373364
3/6/2019,36.98,37.435001,34.860001,35.110001,35.110001,1615572
3/5/2019,36.169998,37.790001,35.75,36.77,36.77,842216
3/4/2019,37.25,37.5,35.380001,36.130001,36.130001,714945
3/1/2019,37.389999,38.720001,36.599998,37.209999,37.209999,1104136
2/28/2019,40.09,40.09,36.5,37.209999,37.209999,930600
2/27/2019,40.82,42,36.439999,39.43,39.43,1506800
2/26/2019,45.110001,45.5,42.529999,42.869999,42.869999,690000
2/25/2019,45.889999,46.599998,45.009998,45.240002,45.240002,575900
2/22/2019,44.599998,45.810001,44.599998,45.689999,45.689999,1330700
2/21/2019,44.59,46,44.029999,44.52,44.52,641200
2/20/2019,43.189999,44.610001,42.880001,44.549999,44.549999,740100
2/19/2019,41.48,43.400002,41.349998,42.98,42.98,831900
2/15/2019,40.41,41.740002,40.029999,41.27,41.27,394300
2/14/2019,40.139999,40.830002,39.91,40.009998,40.009998,407300
2/13/2019,39.66,41.450001,39.400002,40.470001,40.470001,500200
2/12/2019,39,39.619999,38.619999,39.380001,39.380001,434400
2/11/2019,39.119999,39.560001,37.919998,38.689999,38.689999,427600
2/8/2019,37.259998,39.040001,36.93,38.93,38.93,218300
2/7/2019,37.990002,38.389999,36.98,37.639999,37.639999,360200
2/6/2019,38.509998,39.23,37.27,38.439999,38.439999,338500
2/5/2019,39.950001,40.110001,38.630001,39.220001,39.220001,323500
2/4/2019,41.66,41.959999,39.73,39.98,39.98,670800
2/1/2019,38.27,40.25,38.27,39.73,39.73,476400
1/31/2019,37.650002,39.189999,37.150002,38.34,38.34,436200
1/30/2019,37.130001,37.959999,36.259998,37.66,37.66,242200
1/29/2019,37.529999,37.970001,35.16,36.889999,36.889999,535100
1/28/2019,37.209999,37.900002,36.810001,37.619999,37.619999,332500
1/25/2019,35.48,37.970001,35.48,37.52,37.52,662900
1/24/2019,34.790001,36.139999,34.700001,35.880001,35.880001,619900
1/23/2019,34.32,35.369999,33.75,34.889999,34.889999,628100
1/22/2019,35.48,35.66,33.220001,33.470001,33.470001,490100
1/18/2019,33.889999,36.43,33.459999,35.779999,35.779999,828500
1/17/2019,32.619999,33.740002,32.380001,33.689999,33.689999,337300
1/16/2019,32.509998,33.099998,31.18,32.82,32.82,876800
1/15/2019,31.1,34,30.98,32.299999,32.299999,705900
1/14/2019,31.35,31.469999,30.389999,31.1,31.1,321200
1/11/2019,31.889999,31.959999,30.82,31.49,31.49,458500
1/10/2019,31.799999,32.209999,30.08,32.099998,32.099998,667800
1/9/2019,29.620001,33.41,29.01,31.940001,31.940001,1274000
1/8/2019,28.540001,30.219999,28.450001,29.52,29.52,967800
1/7/2019,27.200001,28.67,26.66,28.35,28.35,752500
1/4/2019,26.559999,27.6,26.23,27.09,27.09,375000
1/3/2019,26.15,27.75,25.809999,26.030001,26.030001,412000
1/2/2019,26.200001,27.129999,25.76,26.16,26.16,704800
12/31/2018,26.309999,26.950001,26.16,26.73,26.73,616200
12/28/2018,26.639999,27.18,25.92,26.290001,26.290001,549800
12/27/2018,26.540001,29.1,24.889999,26.620001,26.620001,956700
12/26/2018,25.1,26.84,24.719999,26.809999,26.809999,1081500
12/24/2018,26.129999,26.33,23.9,25.18,25.18,713000
12/21/2018,27.1,29.639999,26.799999,26.799999,26.799999,1691400
12/20/2018,26.59,27.889999,22.17,26.91,26.91,4009200
12/19/2018,27.51,28.879999,26.34,26.83,26.83,2156800
12/18/2018,30.92,31.25,26.25,26.700001,26.700001,3129100
12/17/2018,29.5,31.620001,29,30.780001,30.780001,2918700
12/14/2018,35,35.709999,29.08,29.26,29.26,5096900
12/13/2018,30.120001,43.349998,28.280001,35.82,35.82,4683300
12/12/2018,32.049999,32.790001,30.01,30.08,30.08,1629700
12/11/2018,33.450001,34.139999,33.240002,33.880001,33.880001,808500
12/10/2018,32.43,33.07,31.299999,32.669998,32.669998,686400
12/7/2018,34.349998,34.849998,30.9,32.77,32.77,1042500
12/6/2018,31.4,34.400002,30.309999,34.34,34.34,984900
12/4/2018,34.189999,34.669998,32.32,32.43,32.43,816700
12/3/2018,37.27,38.669998,33.189999,34.220001,34.220001,1748700
11/30/2018,35.299999,37.07,34.580002,36.82,36.82,1370800
11/29/2018,33.23,37.369999,32.540001,35.689999,35.689999,1791600
11/28/2018,31.799999,33.959999,31.32,33.619999,33.619999,1538000
11/27/2018,32.880001,33.240002,29.82,31.200001,31.200001,4267500
11/26/2018,34.290001,34.98,32.5,33.130001,33.130001,818200
11/23/2018,34.59,35.470001,33.619999,33.950001,33.950001,215900
11/21/2018,35.049999,36.439999,34.41,35.07,35.07,751500
11/20/2018,33.939999,35.869999,33.200001,34.490002,34.490002,743200
11/19/2018,37.5,37.84,34.34,34.5,34.5,903200
11/16/2018,38.549999,38.939999,36.799999,37.5,37.5,1023700
11/15/2018,39.040001,40.5,37.970001,39.240002,39.240002,894400
11/14/2018,41.23,41.700001,39.23,39.279999,39.279999,845600
11/13/2018,42.279999,42.93,41.110001,41.220001,41.220001,534700
11/12/2018,41.630001,43.240002,40.799999,42.27,42.27,518100
11/9/2018,41.950001,42.599998,41.18,41.59,41.59,879900
11/8/2018,43.200001,43.75,41.830002,42.18,42.18,459700
11/7/2018,41.509998,44.400002,41.509998,43.529999,43.529999,882200
11/6/2018,39.790001,42.389999,39.779999,41.380001,41.380001,825800
11/5/2018,45.82,45.82,37.900002,39.619999,39.619999,2712400
11/2/2018,51.220001,51.830002,44.900002,46.27,46.27,1232500
11/1/2018,49.119999,50.950001,46.860001,50.740002,50.740002,471300
10/31/2018,49.66,50.209999,46.720001,48.900002,48.900002,619700
10/30/2018,47.41,50.240002,44.099998,49.459999,49.459999,1249800
10/29/2018,45.380001,46.759998,44.060001,45,45,754000
10/26/2018,44.009998,45.040001,42.200001,42.849998,42.849998,791500
10/25/2018,43.560001,45.27,43.560001,44.84,44.84,549700
10/24/2018,45.709999,46,43.360001,43.470001,43.470001,473400
10/23/2018,47.110001,47.75,45.150002,45.830002,45.830002,331200
10/22/2018,47.52,48.75,46.66,48.080002,48.080002,272700
10/19/2018,48.93,49.77,47.130001,47.509998,47.509998,275400
10/18/2018,50.080002,50.330002,48.040001,48.689999,48.689999,260700
10/17/2018,50.009998,52.189999,49.830002,50.52,50.52,526300
10/16/2018,47.200001,50.52,46.889999,50.369999,50.369999,388600
10/15/2018,47.490002,47.779999,46.200001,46.860001,46.860001,282100
10/12/2018,50.48,50.939999,47.009998,47.419998,47.419998,446400
10/11/2018,49.849998,51.310001,47.5,48.619999,48.619999,373700
10/10/2018,54.740002,54.740002,49.009998,50.029999,50.029999,1045400
10/9/2018,55.970001,57.25,54.279999,54.73,54.73,300100
10/8/2018,56.639999,56.900002,54.790001,55.959999,55.959999,239100
10/5/2018,54.209999,57.32,53.619999,56.93,56.93,380800
10/4/2018,53.130001,54.619999,52.380001,54.380001,54.380001,423000
10/3/2018,54.860001,55.970001,52.93,54.049999,54.049999,633100
10/2/2018,59,59.18,54.5,54.599998,54.599998,657100
10/1/2018,62.990002,63.130001,58.07,59,59,679400
9/28/2018,58.950001,62.900002,58.950001,61.650002,61.650002,817300
9/27/2018,55.049999,59.299999,54.849998,58.950001,58.950001,499600
9/26/2018,57.849998,58.220001,54.150002,54.950001,54.950001,625200
9/25/2018,58.099998,59.75,57.549999,57.700001,57.700001,253500
9/24/2018,57.240002,59.400002,56.700001,58.099998,58.099998,370700
9/21/2018,55,59.580002,54.299999,57.400002,57.400002,1126000
9/20/2018,52,54.599998,51.599998,53.950001,53.950001,327700
9/19/2018,52,52.650002,51.610001,52.299999,52.299999,144200
9/18/2018,53.200001,53.900002,51.849998,52.25,52.25,169800
9/17/2018,53.099998,54.900002,52.549999,52.900002,52.900002,279300
9/14/2018,52.299999,53.349998,51.509998,52.950001,52.950001,279300
9/13/2018,51.650002,53.549999,51.029999,52.049999,52.049999,181400
9/12/2018,54.950001,55.75,50,52.450001,52.450001,436700
9/11/2018,54.450001,55.200001,54.400002,55,55,178000
9/10/2018,56.099998,56.849998,54.099998,54.700001,54.700001,339600
9/7/2018,52.950001,56.450001,52.91,55.900002,55.900002,502600
9/6/2018,51.799999,53.049999,51,52.900002,52.900002,265700
9/5/2018,53,53.450001,51,51.75,51.75,282800
9/4/2018,53.450001,53.849998,52.049999,53,53,228000
8/31/2018,52.099998,53.880001,51.959999,52.900002,52.900002,297700
8/30/2018,50.049999,52.599998,49.799999,52.049999,52.049999,253700
8/29/2018,51.5,51.5,48.049999,50.200001,50.200001,620400
8/28/2018,51.200001,53.73,51.099998,51.400002,51.400002,437400
8/27/2018,56.049999,56.240002,50.759998,51.200001,51.200001,811100
8/24/2018,56.049999,56.5,55.099998,55.849998,55.849998,228700
8/23/2018,56.799999,57.029999,53.75,55.700001,55.700001,502500
8/22/2018,54.450001,56.950001,53.849998,56.75,56.75,488000
8/21/2018,53.799999,55.549999,53.450001,54.799999,54.799999,402800
8/20/2018,53.400002,54.5,51.650002,53.25,53.25,395100
8/17/2018,50.799999,53.200001,50.599998,53.150002,53.150002,402100
8/16/2018,51.099998,51.75,49.290001,50.700001,50.700001,369000
8/15/2018,50.799999,51.599998,49.150002,51.099998,51.099998,401100
8/14/2018,48.950001,51.5,48.700001,51.349998,51.349998,512800
8/13/2018,46.599998,49.700001,46.599998,48.450001,48.450001,650800
8/10/2018,45.099998,46.849998,44.619999,46.549999,46.549999,533200
8/9/2018,43.849998,46.099998,43.549999,45.400002,45.400002,407300
8/8/2018,42.5,44.299999,42,43.700001,43.700001,309300
8/7/2018,43.75,44.650002,42.5,43.049999,43.049999,433800
8/6/2018,43.950001,44.299999,43.450001,43.75,43.75,457000
8/3/2018,41.849998,44.450001,41.849998,44.25,44.25,482200
8/2/2018,41.849998,44.400002,38.5,44.150002,44.150002,1167300
8/1/2018,36.200001,38.400002,35.099998,38.049999,38.049999,797900
7/31/2018,32.25,34.049999,32.25,33.25,33.25,292200
7/30/2018,31.25,33.900002,31.25,32.200001,32.200001,604200
7/27/2018,31.450001,32,30.700001,31,31,122300
7/26/2018,31.700001,32.200001,31.25,31.35,31.35,186700
7/25/2018,31.549999,32.200001,31.110001,31.549999,31.549999,201200
7/24/2018,33.049999,33.25,31.5,31.6,31.6,201400
7/23/2018,32.650002,33.349998,32,32.799999,32.799999,160700
7/20/2018,32.5,33.099998,32.5,32.529999,32.529999,104600
7/19/2018,32.950001,33.400002,32.200001,32.349998,32.349998,135900
7/18/2018,33,33.450001,32.900002,33.150002,33.150002,111200
7/17/2018,32.900002,33.599998,32.700001,32.950001,32.950001,173100
7/16/2018,32.75,33.25,32.650002,33.049999,33.049999,127700
7/13/2018,33.25,33.599998,32.349998,32.700001,32.700001,199500
7/12/2018,34.849998,35.099998,32.849998,33.200001,33.200001,523600
7/11/2018,34.650002,35.200001,34.150002,34.599998,34.599998,161000
7/10/2018,35.849998,36,34.150002,34.700001,34.700001,151100
7/9/2018,34.75,35.599998,34.450001,35.5,35.5,222700
7/6/2018,34.5,35.150002,34.200001,34.5,34.5,222900
7/5/2018,33.650002,34.75,33.299999,34.5,34.5,256100
7/3/2018,32.549999,33.5,32.549999,33.349998,33.349998,207800
7/2/2018,32.099998,32.549999,31.85,32.5,32.5,345100
6/29/2018,32.150002,33.400002,31.35,32.349998,32.349998,256400
6/28/2018,31,32.400002,31,32.099998,32.099998,224300
6/27/2018,31.35,31.75,30.549999,30.9,30.9,193000
6/26/2018,31.950001,32.73,31.1,31.299999,31.299999,301100
6/25/2018,33.25,33.950001,31.049999,31.35,31.35,345500
6/22/2018,33.299999,33.59,32.549999,33.450001,33.450001,229600
6/21/2018,34.049999,34.400002,32.950001,33.150002,33.150002,192000
6/20/2018,33.450001,34.5,33.349998,34.150002,34.150002,234200
6/19/2018,33.700001,34.150002,32.950001,33.349998,33.349998,187100
6/18/2018,33.75,34.200001,33.099998,34.150002,34.150002,200900
6/15/2018,34,34.5,33.700001,33.950001,33.950001,498200
6/14/2018,34.650002,34.849998,33.900002,34.25,34.25,324500
6/13/2018,35.099998,35.5,34.650002,34.700001,34.700001,216200
6/12/2018,34.299999,35.049999,33.950001,34.950001,34.950001,254400
6/11/2018,33.549999,34.5,33.150002,34.349998,34.349998,311200
6/8/2018,32.950001,33.400002,32.150002,33.400002,33.400002,366100
6/7/2018,34.650002,35.150002,32.599998,33.299999,33.299999,813700
6/6/2018,35.150002,35.799999,34.549999,34.650002,34.650002,409800
6/5/2018,33.099998,35.049999,32.900002,35,35,453300
6/4/2018,32.349998,33.75,31.9,33.25,33.25,303100
6/1/2018,31.9,32.450001,31.5,32.349998,32.349998,226200
5/31/2018,31.6,32.049999,31.35,31.9,31.9,220600
5/30/2018,30.700001,32.599998,30.42,31.700001,31.700001,287900
5/29/2018,30.299999,30.65,29.98,30.5,30.5,236600
5/25/2018,31.049999,31.290001,30.4,30.549999,30.549999,203200
5/24/2018,32.450001,32.599998,29.35,31.049999,31.049999,889700
5/23/2018,32.200001,32.799999,31.549999,32.599998,32.599998,508700
5/22/2018,31.049999,32.400002,30.4,32.299999,32.299999,409400
5/21/2018,29.450001,31.15,29.299999,31.049999,31.049999,803500
5/18/2018,28.6,29.700001,28.549999,29.1,29.1,337200
5/17/2018,28.950001,29.299999,28.450001,28.549999,28.549999,168500
5/16/2018,28.85,29.5,28.65,28.950001,28.950001,234800
5/15/2018,29.25,29.4,28.549999,28.75,28.75,330300
5/14/2018,29,30.4,28.790001,29.200001,29.200001,558400
5/11/2018,28.549999,29.25,27.85,28.450001,28.450001,218200
5/10/2018,29.299999,29.549999,28.629999,28.75,28.75,274400
5/9/2018,28.549999,29.549999,28.299999,29.450001,29.450001,412800
5/8/2018,27.75,28.4,27.35,27.799999,27.799999,343500
5/7/2018,26.65,28.4,26.200001,27.9,27.9,486900
5/4/2018,29.049999,29.25,26.4,26.65,26.65,523300
5/3/2018,26.5,29.25,21.65,28.700001,28.700001,2258000
5/2/2018,28.25,28.4,27.65,27.65,27.65,428100
5/1/2018,28.35,28.549999,27.950001,28.25,28.25,165800
4/30/2018,28.4,28.9,28.35,28.5,28.5,152300
4/27/2018,28.5,28.9,27.549999,28.35,28.35,268800
4/26/2018,28.450001,29.049999,28.4,28.5,28.5,149300
4/25/2018,28.5,28.799999,28.200001,28.4,28.4,146200
4/24/2018,28.4,29.059999,28.110001,28.35,28.35,335900
4/23/2018,28.6,28.799999,27.9,27.950001,27.950001,169500
4/20/2018,28.5,28.75,28,28.450001,28.450001,118600
4/19/2018,28.65,29.049999,28.450001,28.6,28.6,163700
4/18/2018,28.65,29.200001,28.15,28.75,28.75,279200
4/17/2018,28.85,29,28.209999,28.5,28.5,246900
4/16/2018,28.75,29.25,28.200001,28.6,28.6,189300
4/13/2018,28.200001,29.15,28.200001,28.4,28.4,274600
4/12/2018,29.200001,29.5,27.25,28.1,28.1,396300
4/11/2018,28.15,31.15,28.1,29.1,29.1,688100
4/10/2018,27.85,28.5,26.950001,28.299999,28.299999,261900
4/9/2018,29.15,29.200001,27.25,27.299999,27.299999,279300
4/6/2018,29.200001,30.200001,28.5,28.950001,28.950001,176000
4/5/2018,30.15,30.5,29.18,29.4,29.4,251800
4/4/2018,28.6,30,28.6,30,30,176500
4/3/2018,28.799999,29.5,28.549999,29.299999,29.299999,181900
4/2/2018,28.9,29.549999,28.299999,28.549999,28.549999,209500
3/29/2018,29.299999,29.6,28.65,28.9,28.9,348400
3/28/2018,28.9,29.549999,28.1,29.25,29.25,248500
3/27/2018,29.9,30.299999,28.75,29,29,249200
3/26/2018,29.9,30.15,29.25,29.75,29.75,287300
3/23/2018,29.950001,30.5,29.200001,29.299999,29.299999,328700
3/22/2018,30.85,31.35,29.700001,30.049999,30.049999,323300
3/21/2018,31.200001,32,30.950001,31.1,31.1,228800
3/20/2018,30,31.700001,30,31.049999,31.049999,413500
3/19/2018,29.85,30.85,28.290001,30.049999,30.049999,282100
3/16/2018,30.4,30.75,29.5,30.15,30.15,381200
3/15/2018,29.75,30.950001,29.049999,30.450001,30.450001,296000
3/14/2018,31.1,31.450001,29.25,29.6,29.6,535600
3/13/2018,33.200001,33.400002,30.700001,30.9,30.9,813800
3/12/2018,31.9,33.450001,31.85,33.150002,33.150002,670100
3/9/2018,31.35,31.9,30.4,31.6,31.6,537800
3/8/2018,30.75,30.9,30.200001,30.9,30.9,271400
3/7/2018,30.25,30.85,29.75,30.549999,30.549999,369300
3/6/2018,31.549999,31.66,30.450001,30.700001,30.700001,522100
3/5/2018,32.349998,32.650002,30.85,31.5,31.5,617700
3/2/2018,32.75,33.549999,31.25,32.450001,32.450001,723700
3/1/2018,35.799999,36.650002,31.35,32.549999,32.549999,2138500
2/28/2018,31.299999,32.099998,30.700001,31.200001,31.200001,494500
2/27/2018,30.9,31.549999,30.700001,31.15,31.15,334600
2/26/2018,29.75,31.6,29.75,30.950001,30.950001,305800
2/23/2018,29.299999,29.85,28.35,29.75,29.75,293100
2/22/2018,30.9,31.200001,29.049999,29.15,29.15,221000
2/21/2018,29.950001,31.549999,29.950001,30.799999,30.799999,303400
2/20/2018,30,30.15,28.1,29.65,29.65,357400
2/16/2018,30.5,31.48,29.549999,30,30,645700
2/15/2018,29.950001,31.200001,28.5,31.049999,31.049999,1555600
2/14/2018,24.15,27.4,24.15,27.049999,27.049999,598700
2/13/2018,23.1,25.049999,23.1,24.65,24.65,626900
2/12/2018,22.200001,23,21.25,22.799999,22.799999,361200
2/9/2018,22.15,23.200001,21.200001,22.049999,22.049999,768300
2/8/2018,23.75,24,22.049999,22.1,22.1,292100
2/7/2018,24.1,24.35,23.6,23.65,23.65,157900
2/6/2018,23.1,24.4,22.75,24.299999,24.299999,266800
2/5/2018,23.9,24.549999,23.4,23.450001,23.450001,322500
2/2/2018,25.65,26,24.1,24.200001,24.200001,275200
2/1/2018,25.9,26.049999,25.35,25.950001,25.950001,186400
1/31/2018,26.049999,26.1,25.370001,25.950001,25.950001,135300
1/30/2018,27.299999,27.6,25.65,25.799999,25.799999,493800
1/29/2018,28.35,28.700001,26.549999,27.75,27.75,409700
1/26/2018,28.450001,28.75,27.860001,28.5,28.5,221700
1/25/2018,27.799999,28.6,27.4,28.15,28.15,565300
1/24/2018,27.25,27.9,27.1,27.75,27.75,225200
1/23/2018,27.25,27.700001,26.860001,27.25,27.25,244000
1/22/2018,28,28.18,26.15,27.299999,27.299999,450100
1/19/2018,26.75,28,26.65,27.9,27.9,427500
1/18/2018,26,26.85,25.85,26.6,26.6,339000
1/17/2018,25.200001,25.950001,25.049999,25.950001,25.950001,289100
1/16/2018,25.5,26,25.049999,25.200001,25.200001,268500
1/12/2018,25.4,25.700001,25.200001,25.4,25.4,211200
1/11/2018,25.85,25.9,25.1,25.5,25.5,315600
1/10/2018,25.450001,26.1,25.049999,25.65,25.65,294200
1/9/2018,25.35,26.200001,25.25,25.4,25.4,286400
1/8/2018,27.5,27.5,24.75,25.18,25.18,536000
1/5/2018,25.5,28.15,25.5,27.5,27.5,760600
1/4/2018,25,25.700001,24.6,25.5,25.5,298000
1/3/2018,25.25,25.700001,24.889999,25,25,341200
1/2/2018,24.950001,26,24.93,25.549999,25.549999,377200
12/29/2017,24.700001,25.75,24.5,24.950001,24.950001,446700
12/28/2017,25,25,24.08,24.5,24.5,279500
12/27/2017,25,25.6,24.75,24.950001,24.950001,297900
12/26/2017,24.85,25.379999,24.700001,25,25,214100
12/22/2017,25.799999,26.1,24.6,24.9,24.9,329400
12/21/2017,25.4,26.700001,25.4,26.15,26.15,335000
12/20/2017,25,25.799999,24.6,25.450001,25.450001,358500
12/19/2017,25.700001,26.35,24.85,25,25,455900
12/18/2017,26.9,26.9,25.15,25.9,25.9,713300
12/15/2017,27.4,27.4,25.1,26.9,26.9,1023500
12/14/2017,25,28.15,24.85,27.549999,27.549999,1557500
12/13/2017,23.9,25.200001,23.799999,25.049999,25.049999,571000
12/12/2017,23.1,24.33,23.1,23.799999,23.799999,423500
12/11/2017,22.9,23.1,21.85,22.85,22.85,315700
12/8/2017,22.1,23.4,22.1,22.799999,22.799999,403100
12/7/2017,21.950001,22.530001,21.65,22,22,242700
12/6/2017,21.950001,22.43,21.700001,21.950001,21.950001,210100
12/5/2017,21.200001,22.459999,21.08,22.030001,22.030001,324600
12/4/2017,22.65,22.65,20.299999,21.23,21.23,625400
12/1/2017,23.35,23.549999,21.9,22.65,22.65,460900
11/30/2017,23.450001,24.25,23.15,23.35,23.35,369200
11/29/2017,24.25,24.35,22.700001,23.15,23.15,407100
11/28/2017,24.200001,24.450001,23.75,24.25,24.25,283900
11/27/2017,24.25,24.450001,23.9,24.1,24.1,220200
11/24/2017,24.15,24.450001,23.700001,24.299999,24.299999,166800
11/22/2017,23.75,24.25,23.5,24.15,24.15,264800
11/21/2017,24.049999,24.549999,23.700001,24.1,24.1,332200
11/20/2017,23.700001,24.5,23.15,24.049999,24.049999,374800
11/17/2017,23.85,24.200001,23.15,23.9,23.9,417800
11/16/2017,22.9,24.549999,22.9,23.799999,23.799999,499200
11/15/2017,24.15,24.16,22.1,22.950001,22.950001,693700
11/14/2017,24.25,24.93,24.1,24.25,24.25,438200
11/13/2017,23.75,24.629999,23.299999,24.35,24.35,386900
11/10/2017,23.700001,24.35,23.41,23.950001,23.950001,485500
11/9/2017,23.5,24,22.950001,23.799999,23.799999,407000
11/8/2017,23.6,24.299999,23.110001,23.5,23.5,601700
11/7/2017,22.049999,24.41,22.049999,23.700001,23.700001,945700
11/6/2017,22.549999,22.9,21.65,22.200001,22.200001,484700
11/3/2017,20.049999,22.6,19.940001,22.5,22.5,769200
11/2/2017,22.200001,22.799999,19.4,20.25,20.25,1140000
11/1/2017,21.5,22.049999,20.75,21.299999,21.299999,620900
10/31/2017,21.049999,21.75,20.9,21.5,21.5,416800
10/30/2017,20.65,22.1,20.6,21.049999,21.049999,822800
10/27/2017,20.700001,21.15,20.4,20.9,20.9,544400
10/26/2017,21.049999,21.15,20.6,20.75,20.75,414000
10/25/2017,21.299999,21.65,20.5,21,21,360900
10/24/2017,21,21.299999,20.299999,21.200001,21.200001,438000
10/23/2017,20.5,21.75,18.450001,21,21,1104700
10/20/2017,22.049999,22.200001,21.15,21.5,21.5,564100
10/19/2017,22.4,22.950001,21.5,21.75,21.75,838800
10/18/2017,21.85,22.85,21.450001,22.75,22.75,1003700
10/17/2017,21.15,22.75,20.5,21.950001,21.950001,1719800
10/16/2017,21.35,22,19.85,21.1,21.1,3212300
10/13/2017,19.75,19.75,18.25,18.9,18.9,1409200
10/12/2017,17.549999,18.5,17.549999,18.1,18.1,1047600
10/11/2017,18.799999,18.9,16.700001,17.4,17.4,1505700
10/10/2017,18.85,20.200001,17.85,18.75,18.75,1600500
10/9/2017,17.25,18.799999,17.200001,18.6,18.6,1912200
10/6/2017,16.75,16.950001,15.95,16.9,16.9,729200
10/5/2017,17.049999,17.450001,16.700001,16.75,16.75,1120100
10/4/2017,16.299999,17.25,15.9,16.950001,16.950001,1031800
10/3/2017,15.6,16.549999,15.3,16.299999,16.299999,1193000
10/2/2017,14.5,15.55,14.35,15.55,15.55,1044900
9/29/2017,14.1,15.45,14.1,14.5,14.5,2076300
9/28/2017,18.4,19.07,12.65,14.1,14.1,6591700
9/27/2017,19.25,20.200001,17.799999,18.6,18.6,1300000
9/26/2017,21.75,21.85,17.6,19.049999,19.049999,2328600
9/25/2017,22.200001,23.450001,21.25,21.6,21.6,1451200
9/22/2017,22.200001,22.299999,21.049999,21.75,21.75,1057600
9/21/2017,21.9,22.4,21.6,21.799999,21.799999,445100
9/20/2017,22.700001,22.950001,21.5,21.9,21.9,1007200
9/19/2017,23,23.25,22.200001,23,23,758100
9/18/2017,22.75,23.700001,22.049999,22.85,22.85,1032900
9/15/2017,21.25,22.6,21.200001,22.5,22.5,1533600
9/14/2017,20.950001,22.49,20.9,21.4,21.4,1215800
9/13/2017,19.9,21.450001,19.549999,21.25,21.25,1681300
9/12/2017,20.549999,21.5,18.700001,19.75,19.75,4783000
9/11/2017,29.9,29.9,19.700001,23.35,23.35,9454100
9/8/2017,30.1,30.75,29.049999,29.9,29.9,641100
9/7/2017,32.5,33.25,30,30.4,30.4,765800
9/6/2017,31.799999,32.790001,31.629999,32.549999,32.549999,519300
9/5/2017,30,32.099998,29.75,31.799999,31.799999,706700
9/1/2017,33.799999,34.099998,27.4,31,31,2782500
8/31/2017,36.349998,36.349998,33.549999,33.650002,33.650002,993800
8/30/2017,36.200001,37.380001,35.650002,36.349998,36.349998,866900
8/29/2017,34.400002,36.700001,33.82,35.950001,35.950001,874100
8/28/2017,34.799999,35.25,33.75,34.849998,34.849998,383600
8/25/2017,35,35.849998,34.349998,34.75,34.75,449500
8/24/2017,34.049999,35.099998,33.599998,34.799999,34.799999,360100
8/23/2017,33.349998,34.049999,33.25,33.700001,33.700001,206100
8/22/2017,33.349998,33.950001,33.23,33.700001,33.700001,295100
8/21/2017,33.049999,33.099998,32.25,33,33,255300
8/18/2017,32.950001,33.200001,32.349998,33.099998,33.099998,403700
8/17/2017,34,34.25,32.900002,33,33,462200
8/16/2017,34.400002,35.349998,34.049999,34.299999,34.299999,494200
8/15/2017,33.700001,34.299999,32.549999,34.099998,34.099998,534200
8/14/2017,31.85,33.450001,31.799999,33.25,33.25,412800
8/11/2017,30.950001,32.049999,30.700001,31.4,31.4,330400
8/10/2017,30.65,31.4,30.049999,30.950001,30.950001,361000
8/9/2017,30.9,31.4,30.25,31,31,495400
8/8/2017,32.299999,32.950001,31.110001,31.4,31.4,476100
8/7/2017,31.9,32.549999,30.85,32.25,32.25,520200
8/4/2017,29.9,32.950001,29.879999,31.700001,31.700001,911800
8/3/2017,28.9,30.5,28.35,29.6,29.6,980500
8/2/2017,26.85,27.15,25.9,27,27,457100
8/1/2017,28.1,28.299999,26.25,26.950001,26.950001,346300
7/31/2017,28.5,28.5,27.200001,28.049999,28.049999,338700
7/28/2017,27.6,28.25,24.700001,28.049999,28.049999,759000
7/27/2017,29.15,29.15,27.25,27.799999,27.799999,450400
7/26/2017,29.1,29.25,28.549999,28.950001,28.950001,288000
7/25/2017,28.549999,29.200001,28.25,28.65,28.65,387700
7/24/2017,28.450001,28.469999,27.6,28.4,28.4,303900
7/21/2017,28.200001,28.5,27.549999,28.049999,28.049999,257000
7/20/2017,28.299999,28.440001,27.200001,27.799999,27.799999,294400
7/19/2017,26.6,28.049999,26.4,27.950001,27.950001,530000
7/18/2017,26.450001,26.75,25.280001,26.700001,26.700001,455400
7/17/2017,26.450001,27.15,25.799999,26.4,26.4,534200
7/14/2017,25.9,26.799999,25.299999,25.700001,25.700001,587900
7/13/2017,24.9,26.049999,24.75,25.5,25.5,412300
7/12/2017,24.549999,25.049999,24.5,24.700001,24.700001,313800
7/11/2017,24.6,24.950001,24.1,24.35,24.35,264500
7/10/2017,23.6,24.299999,23.5,24.200001,24.200001,287900
7/7/2017,23.200001,23.6,23.18,23.549999,23.549999,183500
7/6/2017,23.1,23.549999,22.950001,23.15,23.15,184100
7/5/2017,23.450001,23.6,22.9,23.35,23.35,225200
7/3/2017,23.65,23.75,22.85,23.5,23.5,230900
6/30/2017,24.25,24.25,23.209999,23.5,23.5,396600
6/29/2017,24.65,25.5,23.549999,24.049999,24.049999,485300
6/28/2017,24.5,24.9,23.799999,24.65,24.65,480600
6/27/2017,24.15,24.65,23.5,24.299999,24.299999,425800
6/26/2017,24.5,24.950001,23.799999,24.1,24.1,1040100
6/23/2017,24.200001,25.6,24,25.450001,25.450001,2224600
6/22/2017,23.75,24.35,23.6,24.25,24.25,403100
6/21/2017,24.15,25.049999,23.299999,23.950001,23.950001,416300
6/20/2017,23.5,24.450001,23.1,23.9,23.9,354100
6/19/2017,24.950001,25.25,23.379999,23.5,23.5,531000
6/16/2017,22.049999,24.85,21.940001,24.85,24.85,919000
6/15/2017,21.950001,22.200001,21.65,22.049999,22.049999,294300
6/14/2017,21.25,22.200001,21.15,21.950001,21.950001,588900
6/13/2017,21.200001,21.450001,20.299999,21.35,21.35,355000
6/12/2017,20.75,21.85,20.75,21.15,21.15,372500
6/9/2017,21,21.15,19.950001,20.25,20.25,301000
6/8/2017,21.35,21.6,20.950001,21,21,167000
6/7/2017,21.15,21.6,21.129999,21.299999,21.299999,140000
6/6/2017,21.6,21.799999,20.85,21.15,21.15,157400
6/5/2017,22.200001,22.200001,21.35,21.799999,21.799999,177900
6/2/2017,22.9,22.950001,22.15,22.200001,22.200001,330800
6/1/2017,22.4,22.9,22,22.9,22.9,307500
5/31/2017,22.049999,22.5,21.85,22.25,22.25,299800
5/30/2017,21.799999,22.049999,21.549999,21.9,21.9,275200
5/26/2017,21.25,22.6,21.24,21.799999,21.799999,435000
5/25/2017,21.049999,21.799999,21.049999,21.200001,21.200001,368500
5/24/2017,20.4,21,20.35,20.950001,20.950001,227200
5/23/2017,20.1,20.450001,19.860001,20.35,20.35,259000
5/22/2017,20.9,21.200001,19.9,20.1,20.1,361700
5/19/2017,20.700001,21.450001,20.700001,20.85,20.85,268200
5/18/2017,19.950001,20.799999,19.75,20.5,20.5,343500
5/17/2017,21,21.049999,19.950001,20.049999,20.049999,527300
5/16/2017,21.799999,22.200001,21.049999,21.549999,21.549999,268800
5/15/2017,22.5,22.6,21.700001,21.75,21.75,244600
5/12/2017,20.450001,22.83,20.450001,22.299999,22.299999,805500
5/11/2017,20.5,20.85,19.889999,20.6,20.6,228500
5/10/2017,20.6,20.700001,20.049999,20.65,20.65,200400
5/9/2017,20.15,20.5,19.549999,20.35,20.35,307200
5/8/2017,20.950001,20.950001,19.9,20.15,20.15,573900
5/5/2017,20,21.65,19.85,21.15,21.15,944600
5/4/2017,19.1,20.700001,18.5,20.049999,20.049999,1788900
5/3/2017,17.049999,17.43,16.700001,17.1,17.1,341500
5/2/2017,17.75,17.950001,17,17.049999,17.049999,328900
5/1/2017,16.950001,17.9,16.43,17.75,17.75,678500
4/28/2017,16.15,16.9,16.049999,16.75,16.75,495900
4/27/2017,16,16.450001,15.85,16.049999,16.049999,269500
4/26/2017,15.75,16.049999,15.4,15.9,15.9,254100
4/25/2017,16,16.43,15.45,15.9,15.9,723600
4/24/2017,15.95,15.96,15.7,15.85,15.85,159800
4/21/2017,15.85,16,15.65,15.7,15.7,218800
4/20/2017,15.6,15.95,15.6,15.8,15.8,283300
4/19/2017,15.8,15.9,15.05,15.4,15.4,237100
4/18/2017,15.5,15.9,15.35,15.75,15.75,343700
4/17/2017,15.1,15.65,15.08,15.5,15.5,351800
4/13/2017,15.65,15.83,15,15.1,15.1,266400
4/12/2017,16.9,16.9,15.45,15.65,15.65,413400
4/11/2017,16,17,16,17,17,439500
4/10/2017,16.4,16.549999,16,16.049999,16.049999,295200
4/7/2017,16.200001,16.5,16,16.450001,16.450001,330400
4/6/2017,15.85,16.200001,15.4,16.200001,16.200001,168200
4/5/2017,16.200001,16.4,15.9,15.95,15.95,177500
4/4/2017,15.85,16.23,15.75,16.1,16.1,231700
4/3/2017,16.15,16.35,15.4,16,16,392300
3/31/2017,16.200001,16.25,15.6,16,16,331800
3/30/2017,15.1,15.95,15.1,15.95,15.95,263000
3/29/2017,14.95,15.35,14.9,15.05,15.05,191000
3/28/2017,14.3,14.95,14.3,14.9,14.9,281800
3/27/2017,15.05,15.4,13.8,14.3,14.3,1078200
3/24/2017,16.049999,16.35,15.48,15.55,15.55,358700
3/23/2017,15.6,16.25,15.6,16.1,16.1,216300
3/22/2017,15.8,16,15.5,15.65,15.65,200800
3/21/2017,16.5,16.5,15.76,15.8,15.8,241700
3/20/2017,16.549999,16.799999,16.200001,16.5,16.5,330900
3/17/2017,16.700001,16.75,16.299999,16.5,16.5,345500
3/16/2017,16.9,16.9,16.6,16.65,16.65,326000
3/15/2017,16.700001,17,16.700001,16.85,16.85,329300
3/14/2017,16.65,16.950001,16.51,16.799999,16.799999,316800
3/13/2017,16.35,17,16.049999,16.799999,16.799999,715200
3/10/2017,15.65,15.85,15.5,15.75,15.75,283400
3/9/2017,15.5,16.35,15.5,15.7,15.7,566500
3/8/2017,15.3,16,14.9,15.65,15.65,1939600
3/7/2017,18.1,18.200001,17.129999,17.35,17.35,341800
3/6/2017,16.75,18.15,16.549999,18,18,494600
3/3/2017,17.9,18.24,16.450001,16.799999,16.799999,514700
3/2/2017,19,19,15.3,17.6,17.6,1098600
3/1/2017,18.25,18.25,17.1,17.85,17.85,469900
2/28/2017,17.5,18.049999,17.5,17.950001,17.950001,248700
2/27/2017,17.799999,18.1,17.549999,17.6,17.6,168400
2/24/2017,17.450001,18.1,17.450001,17.950001,17.950001,120500
2/23/2017,18,18.07,17.4,17.85,17.85,192800
2/22/2017,17.9,18.299999,17.9,18.049999,18.049999,156800
2/21/2017,18.25,18.35,17.9,18.049999,18.049999,156300
2/17/2017,18,18.5,18,18.200001,18.200001,117400
2/16/2017,18.549999,18.549999,17.75,18.200001,18.200001,162400
2/15/2017,17.950001,18.700001,17.67,18.5,18.5,427900
2/14/2017,17.450001,18.25,17.25,17.85,17.85,139500
2/13/2017,19.25,19.25,17.15,17.75,17.75,601900
2/10/2017,19.75,19.83,19.1,19.25,19.25,197500
2/9/2017,19.549999,19.85,19.35,19.75,19.75,137000
2/8/2017,19.700001,19.700001,19.1,19.450001,19.450001,127700
2/7/2017,19.200001,19.75,19,19.700001,19.700001,217800
2/6/2017,18.950001,19.15,18.6,19.049999,19.049999,192500
2/3/2017,19.049999,19.299999,18.66,18.950001,18.950001,115000
2/2/2017,18.799999,19.450001,18.799999,19.15,19.15,80100
2/1/2017,19.299999,19.48,17.25,19.049999,19.049999,394100
1/31/2017,19.4,19.5,19.1,19.1,19.1,126500
1/30/2017,19.950001,20.450001,18.75,19.5,19.5,192700
1/27/2017,19.700001,19.98,19.5,19.65,19.65,112700
1/26/2017,19.6,20.360001,19.5,19.75,19.75,154500
1/25/2017,19.6,20,19.049999,19.450001,19.450001,176300
1/24/2017,19,19.85,18.129999,19.549999,19.549999,320500
1/23/2017,20.200001,20.9,18.950001,19.049999,19.049999,576000
1/20/2017,19.9,21,19.9,20.700001,20.700001,651700
1/19/2017,19.700001,20.049999,19.549999,19.85,19.85,487800
1/18/2017,19.6,19.799999,19.200001,19.799999,19.799999,179600
1/17/2017,19.200001,19.85,18.75,19.549999,19.549999,331100
1/13/2017,18.85,20.35,18.5,19.9,19.9,454000
1/12/2017,18.65,19.1,18.1,18.799999,18.799999,182300
1/11/2017,19.450001,20.65,18.049999,18.700001,18.700001,534600
1/10/2017,17.200001,19.450001,17,19.299999,19.299999,700100
1/9/2017,17.450001,17.5,16.4,17.15,17.15,290500
1/6/2017,17.35,17.450001,16.85,17.299999,17.299999,170400
1/5/2017,17.450001,17.5,16.66,17.200001,17.200001,274800
1/4/2017,16.6,17.75,16.299999,17.450001,17.450001,539800
1/3/2017,18.4,18.549999,16,16.6,16.6,825300
12/30/2016,17.049999,18.1,16.65,17.85,17.85,737700
12/29/2016,18.549999,18.700001,15.5,16.049999,16.049999,1310500
12/28/2016,19,19.299999,18.15,18.25,18.25,730500
12/27/2016,18,19.25,17.049999,18.65,18.65,1483700
12/23/2016,16.15,17.65,16.139999,17.5,17.5,920600
12/22/2016,14.7,16.200001,14.6,15.95,15.95,666000
12/21/2016,13.75,14.78,13.65,14.6,14.6,618800
12/20/2016,13.5,13.85,13.45,13.65,13.65,122800
12/19/2016,13.05,13.9,13.05,13.5,13.5,385000
12/16/2016,13.85,13.85,13.15,13.2,13.2,257700
12/15/2016,13.2,13.95,13.1,13.85,13.85,295800
12/14/2016,13.4,13.65,13,13.25,13.25,170900
12/13/2016,13.3,14.2,13.2,13.5,13.5,335300
12/12/2016,13.5,13.65,12.85,13.2,13.2,502300
12/9/2016,14.75,14.95,13.2,13.7,13.7,801700
12/8/2016,13.85,15,13.82,14.5,14.5,595100
12/7/2016,13.75,14,13.15,13.55,13.55,405300
12/6/2016,12.6,14.1,12.5,13.45,13.45,711500
12/5/2016,11.3,12.5,11,12.5,12.5,594100
12/2/2016,12.4,12.6,10.85,11.45,11.45,704600
12/1/2016,13.45,13.55,12,12.55,12.55,610000
11/30/2016,13,13.7,12.8,13.5,13.5,434000
11/29/2016,12.85,13.05,11.5,12.85,12.85,652500
11/28/2016,11.55,13.15,11.5,12.85,12.85,899800
11/25/2016,11.45,11.65,11,11.25,11.25,208200
11/23/2016,11.15,11.3,11.05,11.25,11.25,309000
11/22/2016,11.5,11.5,10.5,11.1,11.1,677900
11/21/2016,10,11.3,9.75,11.1,11.1,1261800
11/18/2016,10.25,10.28,9.75,9.8,9.8,345500
11/17/2016,10.5,10.7,9.98,10.2,10.2,428200
11/16/2016,8.8,10.5,8.51,10.45,10.45,936400
11/15/2016,10.1,10.3,8.3,8.8,8.8,1066900
11/14/2016,9.75,10.9,9.4,10.3,10.3,1206400
11/11/2016,7.6,9.4,7.52,9.2,9.2,1147800
11/10/2016,6.6,7.8,6.55,7.5,7.5,514500
11/9/2016,6,6.45,5.7,6.45,6.45,517100
11/8/2016,6.1,6.15,5.98,6.15,6.15,161500
11/7/2016,6.2,6.33,5.8,5.9,5.9,175200
11/4/2016,6.15,6.4,6.05,6.1,6.1,68500
11/3/2016,6.15,6.75,5.8,6.15,6.15,268900
11/2/2016,6,6,5.6,5.8,5.8,141100
11/1/2016,5.6,6.1,5.25,5.95,5.95,372200
10/31/2016,5.5,5.85,5.25,5.6,5.6,309200
10/28/2016,4.85,5.53,4,5.5,5.5,471500
10/27/2016,4.9,5,4.85,4.85,4.85,49400
10/26/2016,4.95,5,4.8,4.95,4.95,62300
10/25/2016,4.65,5,4.65,5,5,96200
10/24/2016,5.05,5.1,4.8,4.85,4.85,241200
10/21/2016,5.55,5.7,5.2,5.2,5.2,247400
10/20/2016,5.6,5.9,5.45,5.7,5.7,69100
10/19/2016,5.8,5.85,5.75,5.75,5.75,44200
10/18/2016,6.05,6.1,5.9,5.9,5.9,67700
10/17/2016,6,6.1,5.85,6,6,125700
10/14/2016,6.1,6.1,6,6.1,6.1,70400
10/13/2016,6.05,6.05,5.85,6.05,6.05,74000
10/12/2016,5.95,6.1,5.9,6.1,6.1,73000
10/11/2016,6.25,6.3,5.95,5.95,5.95,120600
10/10/2016,5.85,6.25,5.8,6.25,6.25,400600
10/7/2016,5.65,5.8,5.56,5.65,5.65,253100
10/6/2016,5.56,5.69,5.43,5.59,5.59,46900
10/5/2016,5.69,5.7,5.49,5.53,5.53,133100
10/4/2016,5.57,5.69,5.53,5.59,5.59,85400
10/3/2016,5.32,5.59,5.15,5.49,5.49,164200
9/30/2016,5.39,5.45,5.2,5.25,5.25,186100
9/29/2016,5.46,5.46,5.3,5.41,5.41,74800
9/28/2016,5.29,5.48,5.29,5.45,5.45,57800
9/27/2016,5.25,5.42,5.24,5.35,5.35,95100
9/26/2016,5.24,5.36,5.11,5.3,5.3,249900
9/23/2016,5.39,5.65,5.34,5.61,5.61,194600
9/22/2016,5.36,5.43,5.28,5.32,5.32,123800
9/21/2016,5.17,5.37,5.16,5.28,5.28,98200
9/20/2016,5.44,5.53,5.21,5.22,5.22,156600
9/19/2016,5.45,5.69,5.26,5.34,5.34,289200
9/16/2016,5,5.39,4.84,5.2,5.2,304100
9/15/2016,4.73,5,4.57,4.93,4.93,186400
9/14/2016,4.68,4.7,4.53,4.62,4.62,116700
9/13/2016,4.7,4.78,4.64,4.69,4.69,138600
9/12/2016,4.9,4.98,4.76,4.81,4.81,370800
9/9/2016,5.62,5.62,5.11,5.14,5.14,250700
9/8/2016,5.75,5.79,5.46,5.52,5.52,176800
9/7/2016,5.96,5.98,5.79,5.81,5.81,101000
9/6/2016,6.04,6.04,5.75,5.96,5.96,272700
9/2/2016,5.62,5.68,5.45,5.59,5.59,65300
9/1/2016,5.79,5.79,5.43,5.57,5.57,110400
8/31/2016,5.63,5.78,5.45,5.72,5.72,213400
8/30/2016,5.27,5.59,5.27,5.57,5.57,150900
8/29/2016,5.25,5.25,5.16,5.23,5.23,91500
8/26/2016,5.25,5.27,5.15,5.18,5.18,56600
8/25/2016,5.11,5.25,5.09,5.19,5.19,52000
8/24/2016,5.43,5.51,5.06,5.18,5.18,144000
8/23/2016,5.33,5.49,5.29,5.45,5.45,147000
8/22/2016,5.33,5.42,5.02,5.29,5.29,197800
8/19/2016,5.24,5.56,5.1,5.23,5.23,184100
8/18/2016,5.55,5.56,5.15,5.19,5.19,161500
8/17/2016,5.42,5.68,5.28,5.52,5.52,215600
8/16/2016,5.31,5.53,5.16,5.37,5.37,286400
8/15/2016,4.96,5.55,4.86,5.51,5.51,625400
8/12/2016,4.45,4.87,4.33,4.82,4.82,442300
8/11/2016,4.6,4.7,4.3,4.41,4.41,346100
8/10/2016,4.61,4.74,4.24,4.47,4.47,521400
8/9/2016,5.09,5.1,4.53,4.7,4.7,4385700
8/8/2016,3.98,4.07,3.92,4,4,252100
8/5/2016,3.93,3.99,3.92,3.98,3.98,31700
8/4/2016,3.96,3.99,3.9,3.93,3.93,61100
8/3/2016,3.99,3.99,3.92,3.96,3.96,22900
8/2/2016,3.98,3.98,3.94,3.96,3.96,20500
8/1/2016,3.94,4,3.9,3.96,3.96,36400
7/29/2016,4.02,4.02,3.87,4,4,70300
7/28/2016,3.99,4.03,3.9,4,4,34900
7/27/2016,3.87,3.99,3.87,3.96,3.96,73600
7/26/2016,3.87,3.91,3.83,3.91,3.91,47600
7/25/2016,3.94,4.03,3.84,3.84,3.84,103400
7/22/2016,3.94,3.99,3.85,3.93,3.93,47500
7/21/2016,3.87,3.96,3.85,3.85,3.85,26500
7/20/2016,3.89,3.95,3.83,3.9,3.9,19100
7/19/2016,3.92,4.01,3.8,3.88,3.88,37800
7/18/2016,3.98,4.02,3.85,3.94,3.94,40500
7/15/2016,4.07,4.1,3.95,3.96,3.96,134400
7/14/2016,4.07,4.13,4.01,4.07,4.07,23700
7/13/2016,4.14,4.21,4.02,4.04,4.04,38700
7/12/2016,4.04,4.19,4.01,4.13,4.13,107400
7/11/2016,4.02,4.22,4.02,4.02,4.02,110500
7/8/2016,4.16,4.24,4,4.07,4.07,73900
7/7/2016,4.07,4.15,3.98,4.14,4.14,104300
7/6/2016,4.06,4.13,4,4.07,4.07,28400
7/5/2016,4.37,4.37,4.02,4.11,4.11,70500
7/1/2016,3.93,4.54,3.73,4.38,4.38,333600
6/30/2016,4.04,4.13,3.91,3.93,3.93,51500
6/29/2016,4.03,4.26,3.9,4.03,4.03,207700
6/28/2016,4.01,4.1,3.95,4.04,4.04,71000
6/27/2016,3.98,4.14,3.9,3.96,3.96,167300
6/24/2016,4.19,4.36,4.03,4.25,4.25,152100
6/23/2016,4.47,4.49,4.28,4.42,4.42,138800
6/22/2016,4.51,4.57,4.3,4.41,4.41,113200
6/21/2016,4.36,4.45,4.26,4.35,4.35,117100
6/20/2016,4.07,4.48,4.07,4.35,4.35,388700
6/17/2016,4.02,4.1,3.91,4.01,4.01,94800
6/16/2016,4.09,4.12,3.9,3.99,3.99,139000
6/15/2016,4.31,4.43,4.05,4.09,4.09,146400
6/14/2016,4.02,4.18,3.72,4.1,4.1,320000
6/13/2016,4.27,4.5,4.03,4.03,4.03,340400
6/10/2016,5.1,5.2,4.44,4.55,4.55,468500
6/9/2016,6.6,6.85,4.95,5.17,5.17,1434300
6/8/2016,7.86,8.07,6.97,7.02,7.02,295500
6/7/2016,7.86,8.54,7.51,7.78,7.78,237200
6/6/2016,7.67,7.94,7.53,7.79,7.79,216200
6/3/2016,7.43,7.5,7.4,7.47,7.47,34100
6/2/2016,7.3,7.48,7.21,7.45,7.45,101500
6/1/2016,7.31,7.61,7.08,7.27,7.27,93400
5/31/2016,7.15,7.57,6.8,7.25,7.25,247800
5/27/2016,6.77,7.25,6.74,6.84,6.84,124000
5/26/2016,6.72,6.86,6.36,6.79,6.79,94900
5/25/2016,6.94,7.16,6.72,6.77,6.77,68300
5/24/2016,7.15,7.35,6.81,6.81,6.81,112300
5/23/2016,6.69,7.15,6.69,7.12,7.12,199600
5/20/2016,6.4,6.7,6.4,6.64,6.64,160200
5/19/2016,6.29,6.43,6.21,6.36,6.36,187900
5/18/2016,6.3,6.3,6.11,6.29,6.29,138400
5/17/2016,6.25,6.3,6.25,6.27,6.27,28500
5/16/2016,6.37,6.37,6.23,6.3,6.3,246100
5/13/2016,6.35,6.36,6.25,6.3,6.3,45200
5/12/2016,6.38,6.38,6.26,6.3,6.3,68100
5/11/2016,6.33,6.38,6.27,6.31,6.31,108700
5/10/2016,6.75,6.89,6.14,6.2,6.2,280900
5/9/2016,6.26,6.33,6.25,6.3,6.3,28900
5/6/2016,6.2,6.32,6.2,6.3,6.3,15200
5/5/2016,6.22,6.3,6.15,6.28,6.28,6100
5/4/2016,6.18,6.3,6.13,6.24,6.24,8400
5/3/2016,6.22,6.32,6.22,6.27,6.27,10400
5/2/2016,6.2,6.32,6.05,6.29,6.29,10200
4/29/2016,6.2,6.3,6.03,6.18,6.18,18100
4/28/2016,6.01,6.19,5.97,6.19,6.19,31800
4/27/2016,6.03,6.2,5.97,6.18,6.18,25300
4/26/2016,5.92,6.12,5.8,6.1,6.1,17400
4/25/2016,6.13,6.21,6.01,6.06,6.06,9400
4/22/2016,5.96,6.2,5.9,6.19,6.19,4400
4/21/2016,5.98,6.23,5.98,6.2,6.2,7900
4/20/2016,6.29,6.29,6.04,6.23,6.23,9700
4/19/2016,6.28,6.29,6.22,6.25,6.25,7400
4/18/2016,6.06,6.29,6.05,6.22,6.22,14200
4/15/2016,5.98,6.23,5.96,6.1,6.1,36600
4/14/2016,5.78,5.96,5.78,5.8,5.8,9400
4/13/2016,5.84,5.88,5.74,5.83,5.83,17500
4/12/2016,5.72,5.96,5.71,5.81,5.81,8800
4/11/2016,5.76,5.96,5.65,5.67,5.67,5700
4/8/2016,5.8,5.84,5.62,5.65,5.65,20500
4/7/2016,5.91,5.94,5.79,5.79,5.79,3900
4/6/2016,6,6.12,5.8,5.82,5.82,15400
4/5/2016,6.2,6.2,6,6.03,6.03,8200
4/4/2016,6.16,6.19,6.04,6.06,6.06,16400
4/1/2016,6.13,6.25,6.07,6.11,6.11,35700
3/31/2016,6.3,6.3,6.11,6.11,6.11,14600
3/30/2016,6.15,6.3,6.12,6.3,6.3,58700
3/29/2016,6.02,6.16,6.02,6.13,6.13,23500
3/28/2016,6.1,6.19,6.1,6.17,6.17,2400
3/24/2016,6.1,6.26,6.05,6.11,6.11,6900
3/23/2016,6.23,6.28,6.05,6.2,6.2,4400
3/22/2016,6.18,6.25,6.1,6.24,6.24,9000
3/21/2016,6.1,6.28,6.1,6.24,6.24,4700
3/18/2016,6.22,6.29,5.92,6.25,6.25,23500
3/17/2016,6,6.33,5.88,6.29,6.29,22600
3/16/2016,6.15,6.21,5.81,6,6,14500
3/15/2016,6.19,6.3,6.13,6.23,6.23,27200
3/14/2016,6.02,6.3,6.02,6.29,6.29,17000
3/11/2016,6.35,6.35,6.16,6.25,6.25,9100
3/10/2016,5.96,6.25,5.96,6.25,6.25,11700
3/9/2016,6.22,6.22,6.1,6.2,6.2,15100
3/8/2016,6.17,6.2,6.01,6.16,6.16,24900
3/7/2016,6.26,6.33,6.17,6.22,6.22,28400
3/4/2016,6.25,6.3,6.05,6.22,6.22,45700
3/3/2016,5.89,6.13,5.85,5.95,5.95,14900
3/2/2016,5.6,5.99,5.6,5.91,5.91,51800
3/1/2016,5.78,5.92,5.78,5.91,5.91,44300
2/29/2016,5.95,5.95,5.8,5.82,5.82,14800
2/26/2016,5.7,5.9,5.7,5.8,5.8,26200
2/25/2016,5.78,5.83,5.7,5.78,5.78,6900
2/24/2016,5.57,5.96,5.56,5.81,5.81,13100
2/23/2016,5.8,5.85,5.6,5.8,5.8,7100
2/22/2016,5.8,5.84,5.59,5.82,5.82,15300
2/19/2016,5.69,5.8,5.69,5.73,5.73,6600
2/18/2016,5.7,5.78,5.63,5.75,5.75,22500
2/17/2016,5.62,5.75,5.62,5.73,5.73,4800
2/16/2016,5.71,5.75,5.57,5.62,5.62,10500
2/12/2016,5.46,5.87,5.45,5.7,5.7,13500
2/11/2016,5.41,5.6,5.31,5.58,5.58,20800
2/10/2016,5.42,5.6,5.42,5.57,5.57,600
2/9/2016,5.31,5.69,5.15,5.42,5.42,121300
2/8/2016,5.7,5.7,5.05,5.39,5.39,23300
2/5/2016,5.73,6.05,5.54,5.69,5.69,17800
2/4/2016,5.87,5.94,5.39,5.79,5.79,41600
2/3/2016,5.9,5.94,5.75,5.94,5.94,10100
2/2/2016,5.91,5.92,5.58,5.92,5.92,14200
2/1/2016,5.55,6.05,5.55,5.91,5.91,28700
1/29/2016,5.58,6.07,5.54,5.94,5.94,31400
1/28/2016,5.81,5.81,5.46,5.68,5.68,42300
1/27/2016,5.9,6.03,5.41,5.8,5.8,31200
1/26/2016,5.67,5.67,5.31,5.59,5.59,24500
1/25/2016,5.57,5.76,5.55,5.6,5.6,16900
1/22/2016,5.68,6.17,5.34,5.58,5.58,31200
1/21/2016,5.66,5.8,5.51,5.64,5.64,33400
1/20/2016,6.03,6.03,5.45,5.71,5.71,30800
1/19/2016,6.42,6.42,5.47,5.9,5.9,49400
1/15/2016,6.48,6.82,6.1,6.13,6.13,23800
1/14/2016,6.1,6.92,6.1,6.81,6.81,181000
1/13/2016,6.11,6.18,5.82,6.01,6.01,24200
1/12/2016,6.19,6.38,5.71,6.1,6.1,19300
1/11/2016,6.41,6.51,5.96,6.11,6.11,21900
1/8/2016,6.2,6.35,5.86,6.04,6.04,28100
1/7/2016,6.01,6.33,6.01,6.13,6.13,18000
1/6/2016,6.04,6.52,6.04,6.4,6.4,16800
1/5/2016,6.72,6.72,6.25,6.35,6.35,35700
1/4/2016,6.67,6.67,6.23,6.59,6.59,41200
12/31/2015,5.95,6.72,5.72,6.7,6.7,80200
12/30/2015,5.83,6.39,5.79,5.91,5.91,14300
12/29/2015,6.54,6.6,5.62,5.96,5.96,65700
12/28/2015,6.83,6.83,6.34,6.46,6.46,35300
12/24/2015,6.75,6.94,6.72,6.77,6.77,12100
12/23/2015,6.41,6.74,6.4,6.73,6.73,70500
12/22/2015,6.02,6.42,5.92,6.39,6.39,37400
12/21/2015,6.07,6.12,5.92,6.04,6.04,24300
12/18/2015,5.94,6.13,5.75,6,6,37300
12/17/2015,6,6.05,5.85,6,6,29600
12/16/2015,5.8,5.95,5.8,5.93,5.93,32300
12/15/2015,5.92,6.04,5.56,5.78,5.78,67600
12/14/2015,5.98,5.98,5.8,5.84,5.84,54400
12/11/2015,6.15,6.22,5.86,5.92,5.92,33000
12/10/2015,5.92,6.25,5.85,6.19,6.19,38400
12/9/2015,5.71,5.9,5.71,5.86,5.86,26200
12/8/2015,5.68,5.79,5.66,5.77,5.77,22100
12/7/2015,5.65,5.83,5.65,5.75,5.75,27200
12/4/2015,5.78,5.78,5.52,5.75,5.75,37900
12/3/2015,5.95,5.95,5.62,5.77,5.77,21700
12/2/2015,5.54,6.1,5.54,5.77,5.77,73200
12/1/2015,5.36,5.59,5.2,5.54,5.54,33900
11/30/2015,5.17,5.47,5.05,5.42,5.42,81000
11/27/2015,4.89,5.02,4.64,5.02,5.02,52800
11/25/2015,5.01,5.05,4.85,4.89,4.89,11700
11/24/2015,4.92,5.08,4.92,5,5,14300
11/23/2015,4.72,5.01,4.72,4.97,4.97,52600
11/20/2015,4.55,4.75,4.55,4.75,4.75,45300
11/19/2015,4.55,4.62,4.54,4.55,4.55,31400
11/18/2015,4.51,4.6,4.5,4.55,4.55,32400
11/17/2015,4.6,4.62,4.41,4.48,4.48,70700
11/16/2015,4.6,4.72,4.55,4.61,4.61,56000
11/13/2015,4.58,4.59,4.49,4.54,4.54,16500
11/12/2015,4.56,4.65,4.55,4.58,4.58,32200
11/11/2015,4.66,4.66,4.37,4.51,4.51,12700
11/10/2015,4.44,4.68,4.44,4.59,4.59,36300
11/9/2015,4.28,4.74,4.25,4.33,4.33,37500
11/6/2015,4.26,4.58,4.25,4.25,4.25,22900
11/5/2015,4.44,4.49,4.19,4.24,4.24,50600
11/4/2015,4.7,4.84,4.48,4.5,4.5,17800
11/3/2015,4.4,4.73,4.34,4.69,4.69,24200
11/2/2015,4.23,4.46,4.23,4.45,4.45,46800
10/30/2015,4.35,4.48,4.16,4.29,4.29,48200
10/29/2015,4.46,4.58,4.33,4.39,4.39,44800
10/28/2015,4.5,4.58,4.46,4.5,4.5,34100
10/27/2015,4.5,4.6,4.49,4.5,4.5,9700
10/26/2015,4.5,4.64,4.49,4.55,4.55,18800
10/23/2015,4.6,4.63,4.51,4.54,4.54,11100
10/22/2015,4.53,4.64,4.53,4.53,4.53,18500
10/21/2015,4.5,4.64,4.5,4.56,4.56,16700
10/20/2015,4.52,4.63,4.52,4.6,4.6,19400
10/19/2015,4.57,4.66,4.57,4.63,4.63,11800
10/16/2015,4.71,4.71,4.49,4.5,4.5,35400
10/15/2015,4.78,4.78,4.61,4.75,4.75,28100
10/14/2015,4.62,4.84,4.62,4.71,4.71,23000
10/13/2015,4.63,4.78,4.63,4.65,4.65,4100
10/12/2015,4.74,4.74,4.54,4.65,4.65,15000
10/9/2015,4.76,4.8,4.52,4.74,4.74,23200
10/8/2015,4.74,5.07,4.74,4.84,4.84,16300
10/7/2015,4.87,4.98,4.71,4.71,4.71,6100
10/6/2015,4.93,5,4.79,4.87,4.87,13600
10/5/2015,5.06,5.08,4.78,4.99,4.99,7200
10/2/2015,4.79,4.89,4.63,4.68,4.68,34100
10/1/2015,5.09,5.09,4.72,4.95,4.95,12500
9/30/2015,4.38,5.14,4.36,5,5,62900
9/29/2015,4.45,4.53,4.25,4.38,4.38,80100
9/28/2015,4.71,4.76,4.39,4.45,4.45,39800
9/25/2015,4.83,4.83,4.69,4.7,4.7,36700
9/24/2015,4.87,4.87,4.75,4.76,4.76,25100
9/23/2015,4.88,4.9,4.83,4.89,4.89,90000
9/22/2015,4.83,4.91,4.83,4.89,4.89,7500
9/21/2015,4.9,4.95,4.87,4.91,4.91,35600
9/18/2015,4.9,5.06,4.8,4.91,4.91,61900
9/17/2015,4.54,5.05,4.54,5,5,27500
9/16/2015,5.02,5.14,4.88,4.99,4.99,35500
9/15/2015,4.96,5.1,4.92,4.99,4.99,22000
9/14/2015,4.74,4.98,4.74,4.97,4.97,73000
9/11/2015,4.76,4.88,4.73,4.83,4.83,13300
9/10/2015,4.65,4.78,4.63,4.67,4.67,9100
9/9/2015,4.89,4.89,4.69,4.73,4.73,12600
9/8/2015,4.62,4.95,4.62,4.81,4.81,10200
9/4/2015,4.72,4.77,4.66,4.77,4.77,5800
9/3/2015,4.89,4.91,4.73,4.8,4.8,15700
9/2/2015,4.92,5,4.67,4.78,4.78,32000
9/1/2015,5.09,5.14,4.7,4.77,4.77,57500
8/31/2015,5.14,5.28,5.1,5.18,5.18,44200
8/28/2015,4.9,5.19,4.88,5.17,5.17,52200
8/27/2015,4.42,5.15,4.33,4.91,4.91,208000
8/26/2015,4.43,4.49,4.22,4.35,4.35,28900
8/25/2015,4.36,4.54,4.18,4.24,4.24,81700
8/24/2015,4.25,4.47,4.11,4.26,4.26,41400
8/21/2015,4.49,4.66,4.33,4.48,4.48,42300
8/20/2015,4.64,4.64,4.41,4.58,4.58,59100
8/19/2015,4.79,4.99,4.61,4.64,4.64,26100
8/18/2015,4.89,4.89,4.66,4.7,4.7,15700
8/17/2015,4.53,4.99,4.46,4.92,4.92,81000
8/14/2015,4.39,4.57,4.3,4.57,4.57,39900
8/13/2015,4.71,4.76,4.13,4.4,4.4,299000
8/12/2015,4.47,5.2,4.44,4.73,4.73,213700
8/11/2015,4.11,4.54,4.11,4.33,4.33,88100
8/10/2015,4.25,4.26,4,4.15,4.15,24000
8/7/2015,4.33,4.34,4.15,4.29,4.29,22900
8/6/2015,4.25,4.42,4.03,4.37,4.37,41400
8/5/2015,4.32,4.32,4.2,4.24,4.24,79300
8/4/2015,4.49,4.49,4.25,4.25,4.25,32100
8/3/2015,4.67,4.7,4.35,4.45,4.45,22000
7/31/2015,4.71,4.75,4.59,4.64,4.64,17400
7/30/2015,4.76,4.78,4.59,4.73,4.73,19800
7/29/2015,4.47,4.81,4.47,4.8,4.8,77900
7/28/2015,4.57,4.57,4.26,4.5,4.5,52700
7/27/2015,4.75,4.75,4.48,4.5,4.5,67000
7/24/2015,4.86,4.86,4.7,4.78,4.78,50700
7/23/2015,4.91,4.92,4.74,4.85,4.85,28700
7/22/2015,4.78,4.96,4.78,4.87,4.87,58900
7/21/2015,4.89,4.91,4.76,4.84,4.84,46100
7/20/2015,5.03,5.12,4.88,4.92,4.92,60400
7/17/2015,5.2,5.2,5.04,5.09,5.09,30000
7/16/2015,5.1,5.19,5.03,5.19,5.19,50400
7/15/2015,4.98,5.21,4.98,5.09,5.09,18800
7/14/2015,5.16,5.21,5.09,5.18,5.18,28800
7/13/2015,5.26,5.3,5.11,5.14,5.14,35600
7/10/2015,4.94,5.29,4.82,5.27,5.27,85600
7/9/2015,4.77,4.99,4.71,4.89,4.89,30900
7/8/2015,4.72,4.75,4.6,4.69,4.69,26100
7/7/2015,4.93,4.95,4.63,4.77,4.77,53100
7/6/2015,4.98,5.05,4.84,4.96,4.96,38300
7/2/2015,4.93,5.09,4.84,4.96,4.96,37900
7/1/2015,5.02,5.05,4.85,4.95,4.95,46500
6/30/2015,4.96,5.09,4.89,4.97,4.97,39000
6/29/2015,4.97,5.02,4.82,4.94,4.94,106200
6/26/2015,4.86,5.2,4.85,4.99,4.99,85100
6/25/2015,4.86,4.86,4.68,4.78,4.78,36900
6/24/2015,5,5.11,4.85,4.88,4.88,68800
6/23/2015,5.03,5.12,4.89,5,5,55300
6/22/2015,4.58,5.02,4.58,5.02,5.02,97700
6/19/2015,4.93,5.06,4.58,4.58,4.58,116900
6/18/2015,4.9,5,4.77,4.92,4.92,51200
6/17/2015,4.97,5.02,4.84,4.92,4.92,108500
6/16/2015,5.06,5.1,4.82,5.01,5.01,52300
6/15/2015,5.1,5.1,4.86,5.04,5.04,48900
6/12/2015,4.89,5.12,4.88,5.1,5.1,86500
6/11/2015,4.8,4.96,4.78,4.95,4.95,107000
6/10/2015,4.8,4.87,4.73,4.76,4.76,73900
6/9/2015,4.83,4.83,4.68,4.79,4.79,28100
6/8/2015,4.79,4.88,4.72,4.72,4.72,63500
6/5/2015,4.7,4.91,4.67,4.83,4.83,27200
6/4/2015,4.81,4.87,4.67,4.73,4.73,43800
6/3/2015,4.93,5.1,4.83,4.86,4.86,40600
6/2/2015,4.84,5.04,4.83,4.88,4.88,48100
6/1/2015,5,5.12,4.81,4.88,4.88,49500
5/29/2015,5.01,5.12,4.8,5.03,5.03,101100
5/28/2015,4.97,5.11,4.95,5.03,5.03,178800
5/27/2015,4.95,5.09,4.81,4.95,4.95,60700
5/26/2015,5.13,5.15,4.8,4.87,4.87,74800
5/22/2015,4.97,5.18,4.96,5,5,247800
5/21/2015,5.21,5.45,4.95,4.96,4.96,175200
5/20/2015,4.92,5.2,4.7,5.2,5.2,114500
5/19/2015,5.24,5.5,4.7,4.97,4.97,330000
5/18/2015,5.86,5.86,5.35,5.47,5.47,206500
5/15/2015,5.78,5.99,5.5,5.84,5.84,312100
5/14/2015,5.75,6.21,5.34,5.86,5.86,789100
5/13/2015,7.5,7.77,7.13,7.75,7.75,72400
5/12/2015,7.9,7.9,7.45,7.69,7.69,31700
5/11/2015,8.05,8.09,7.9,7.99,7.99,50300
5/8/2015,7.7,7.98,7.44,7.96,7.96,19800
5/7/2015,7.45,7.77,7.37,7.75,7.75,10800
5/6/2015,7.35,7.46,7.34,7.45,7.45,47400
5/5/2015,7.45,7.5,7.35,7.43,7.43,27600
5/4/2015,7.45,7.54,7.42,7.43,7.43,49300
5/1/2015,7.67,7.96,7.45,7.45,7.45,33800
4/30/2015,7.96,7.99,7.56,7.56,7.56,22400
4/29/2015,7.65,8.24,7.52,8.05,8.05,45900
4/28/2015,7.39,7.76,7.39,7.66,7.66,17500
4/27/2015,7.6,7.6,7.45,7.51,7.51,11800
4/24/2015,7.57,7.57,7.28,7.55,7.55,27000
4/23/2015,7.4,7.6,7.4,7.57,7.57,15100
4/22/2015,7.69,7.69,7.35,7.36,7.36,25100
4/21/2015,7.81,7.85,7.27,7.6,7.6,29500
4/20/2015,7.72,7.88,7.65,7.85,7.85,22600
4/17/2015,7.81,7.85,7.68,7.75,7.75,8900
4/16/2015,7.77,7.8,7.65,7.74,7.74,22400
4/15/2015,7.75,7.91,7.61,7.89,7.89,35700
4/14/2015,7.76,7.92,7.58,7.92,7.92,33100
4/13/2015,7.76,7.82,7.6,7.68,7.68,31600
4/10/2015,7.76,7.81,7.62,7.73,7.73,21100
4/9/2015,7.86,7.98,7.77,7.86,7.86,20000
4/8/2015,7.94,8.11,7.81,7.97,7.97,14700
4/7/2015,7.88,8.07,7.6,8.07,8.07,33100
4/6/2015,8.03,8.03,7.64,8,8,30100
4/2/2015,7.75,8,7.68,8,8,40800
4/1/2015,7.77,7.8,7.61,7.75,7.75,21000
3/31/2015,8,8.07,7.54,7.81,7.81,52000
3/30/2015,8.47,8.47,7.74,7.87,7.87,140900
3/27/2015,8.52,8.72,8.21,8.51,8.51,63600
3/26/2015,8.65,8.97,8.5,8.62,8.62,28700
3/25/2015,9.14,9.18,8.5,8.79,8.79,60200
3/24/2015,9.37,9.38,8.87,9.07,9.07,47200
3/23/2015,9.22,9.37,8.85,9.37,9.37,77200
3/20/2015,9.25,9.25,8.76,9.13,9.13,128300
3/19/2015,8.8,9.38,8.4,9.24,9.24,330700
3/18/2015,7.89,7.89,7.12,7.53,7.53,46500
3/17/2015,7.28,7.37,7.05,7.17,7.17,30800
3/16/2015,6.95,7.5,6.72,7.35,7.35,43700
3/13/2015,7.22,7.3,6.9,6.98,6.98,38700
3/12/2015,7.24,7.53,7.18,7.21,7.21,14200
3/11/2015,7.02,7.72,7.02,7.21,7.21,16300
3/10/2015,7.13,7.25,7.01,7.03,7.03,22700
3/9/2015,7.55,7.55,7.1,7.17,7.17,12200
3/6/2015,7.74,7.9,7.41,7.44,7.44,24400
3/5/2015,7.79,8.11,7.58,7.71,7.71,25600
3/4/2015,7.53,7.93,7.3,7.77,7.77,30200
3/3/2015,7.2,7.87,7.2,7.49,7.49,79700
3/2/2015,7.16,7.57,7.16,7.26,7.26,28900
2/27/2015,7.11,7.37,7.11,7.18,7.18,12500
2/26/2015,7.16,7.29,7.01,7.09,7.09,51700
2/25/2015,7.17,7.33,7.05,7.13,7.13,31900
2/24/2015,7.55,7.55,7.16,7.16,7.16,51600
2/23/2015,7.7,7.74,7.45,7.55,7.55,27900
2/20/2015,7.66,8.07,7.66,7.77,7.77,148000
2/19/2015,8.1,8.1,7.79,7.9,7.9,9100
2/18/2015,8.15,8.24,7.95,8.06,8.06,169200
2/17/2015,8,8.07,7.93,8,8,32600
2/13/2015,7.83,8.08,7.83,8.03,8.03,76800
2/12/2015,7.9,7.97,7.7,7.87,7.87,80400
2/11/2015,7.7,7.92,7.7,7.9,7.9,42600
2/10/2015,7.71,7.79,7.6,7.79,7.79,46200
2/9/2015,7.22,7.8,7.22,7.74,7.74,77600
2/6/2015,7.19,7.37,6.99,7.26,7.26,28300
2/5/2015,7.02,7.16,6.98,7.02,7.02,24100
2/4/2015,6.97,7.09,6.96,6.96,6.96,20800
2/3/2015,7.01,7.15,6.68,6.98,6.98,71000
2/2/2015,7.15,7.16,6.98,7.02,7.02,43700
1/30/2015,7,7.2,6.98,7.09,7.09,17200
1/29/2015,7.29,7.29,6.96,7.01,7.01,27900
1/28/2015,7,7.14,6.91,7.03,7.03,63400
1/27/2015,7,7.04,6.9,7,7,46900
1/26/2015,7.29,7.29,7,7.05,7.05,33200
1/23/2015,7.1,7.24,6.96,7.18,7.18,24300
1/22/2015,7.18,7.36,7,7.15,7.15,39500
1/21/2015,7.32,7.32,6.95,7.11,7.11,46500
1/20/2015,7.53,7.53,7.06,7.1,7.1,12700
1/16/2015,6.95,7.18,6.91,7.12,7.12,21400
1/15/2015,7.3,7.3,6.85,6.97,6.97,70900
1/14/2015,6.95,7.5,6.95,7.31,7.31,91800
1/13/2015,7.2,7.35,7.04,7.1,7.1,38700
1/12/2015,7.31,7.31,7,7.18,7.18,44800
1/9/2015,7.65,7.65,7.27,7.34,7.34,34800
1/8/2015,7.6,7.88,7.45,7.76,7.76,83200
1/7/2015,7.4,7.56,7.09,7.51,7.51,109300
1/6/2015,7.47,7.47,7.11,7.37,7.37,45700
1/5/2015,7.26,7.59,7.26,7.49,7.49,57500
1/2/2015,7.16,7.42,6.88,7.42,7.42,42000
12/31/2014,6.8,7.18,6.75,7.16,7.16,168700
12/30/2014,6.92,7.22,6.65,6.81,6.81,164000
12/29/2014,7.1,7.25,6.7,6.92,6.92,248100
12/26/2014,7.64,7.7,6.78,7.16,7.16,84400
12/24/2014,7.76,7.78,7.33,7.51,7.51,34000
12/23/2014,7.95,8.02,7.55,7.67,7.67,64000
12/22/2014,8.05,8.2,7.82,7.95,7.95,72500
12/19/2014,7.5,8.14,7.2,7.99,7.99,152300
12/18/2014,7.25,7.67,7.06,7.5,7.5,102000
12/17/2014,6.78,7.28,6.6,7.12,7.12,52600
12/16/2014,6.66,6.94,6.62,6.73,6.73,98800
12/15/2014,6.62,6.84,6.44,6.67,6.67,97300
12/12/2014,6.33,6.48,6.23,6.48,6.48,150600
12/11/2014,6.2,6.48,6.14,6.45,6.45,60000
12/10/2014,6.45,6.48,6.04,6.26,6.26,96100
12/9/2014,6.04,6.22,5.82,6.16,6.16,76300
12/8/2014,6.08,6.3,5.3,6.11,6.11,120200
12/5/2014,6.08,6.42,6,6.25,6.25,76700
12/4/2014,6.25,6.39,5.91,6.09,6.09,154900
12/3/2014,6.7,6.91,6.25,6.32,6.32,124100
12/2/2014,6.94,7.02,6.53,6.59,6.59,86000
12/1/2014,7.5,7.52,6.79,6.91,6.91,124600
11/28/2014,7.55,7.55,7.19,7.35,7.35,24500
11/26/2014,7.29,7.55,7.15,7.32,7.32,190900
11/25/2014,7.55,7.63,7.14,7.29,7.29,162200
11/24/2014,7.45,7.86,7.03,7.54,7.54,133400
11/21/2014,7.63,7.73,7.45,7.52,7.52,91500
11/20/2014,7.64,8.02,7.45,7.65,7.65,148700
11/19/2014,7.65,8.11,7.47,7.68,7.68,110300
11/18/2014,7.5,7.8,6.95,7.61,7.61,162600
11/17/2014,8,8.15,7.25,7.41,7.41,306800
11/14/2014,8.46,8.49,8,8.25,8.25,160000
11/13/2014,8.66,8.74,8.28,8.46,8.46,215700
11/12/2014,9.1,9.13,8.29,8.7,8.7,334500
11/11/2014,10.68,10.9,8.5,9.23,9.23,404900
11/10/2014,11.25,11.48,11.2,11.3,11.3,200200
11/7/2014,10.66,11.16,10.66,11.05,11.05,136100
11/6/2014,10.7,10.91,10.36,10.59,10.59,50800
11/5/2014,10.5,10.67,10.23,10.6,10.6,49300
11/4/2014,10.27,10.65,10.1,10.5,10.5,43100
11/3/2014,10.1,10.5,9.52,10.26,10.26,56200
10/31/2014,9.81,10.12,9.42,10.12,10.12,82100
10/30/2014,9.36,10.18,9.28,9.95,9.95,102200
10/29/2014,9.79,9.84,9.28,9.51,9.51,74700
10/28/2014,9.47,9.93,9.06,9.71,9.71,80700
10/27/2014,9.33,9.54,9.28,9.39,9.39,32200
10/24/2014,9.62,9.72,9.23,9.51,9.51,44000
10/23/2014,9.88,9.95,9.45,9.62,9.62,75600
10/22/2014,9.25,10.14,9.12,9.83,9.83,188900
10/21/2014,8.9,9.19,8.57,8.79,8.79,102100
10/20/2014,9.39,9.74,8.95,9.12,9.12,68800
10/17/2014,9.28,9.69,9.14,9.45,9.45,48500
10/16/2014,8.5,9.74,8.5,9.15,9.15,80700
10/15/2014,9.99,9.99,8.52,9.32,9.32,109800
10/14/2014,9.5,9.62,8.84,9.61,9.61,180500
10/13/2014,9.54,9.84,9.28,9.51,9.51,48200
10/10/2014,9.15,9.79,9.12,9.57,9.57,63500
10/9/2014,9.97,10.02,9.18,9.22,9.22,49100
10/8/2014,10.01,10.12,9.78,9.98,9.98,25600
10/7/2014,10.11,10.19,9.67,9.89,9.89,54200
10/6/2014,10.46,11.42,9.88,10.12,10.12,66800
10/3/2014,10.44,10.81,10.44,10.53,10.53,64600
10/2/2014,10.47,10.71,10.14,10.3,10.3,59400
10/1/2014,10.76,10.76,10,10.54,10.54,127900
9/30/2014,10.73,11.5,10.63,10.79,10.79,127300
9/29/2014,10.75,10.97,10.52,10.67,10.67,87600
9/26/2014,10.59,11.1,10.5,10.79,10.79,46200
9/25/2014,11.47,11.47,10.47,10.59,10.59,150500
9/24/2014,11.99,11.99,11.31,11.44,11.44,46900
9/23/2014,12.24,12.37,11.8,11.8,11.8,43400
9/22/2014,12.13,12.29,11.97,12.22,12.22,21000
9/19/2014,11.95,12.75,11.95,12.32,12.32,146300
9/18/2014,12.36,12.36,11.78,11.87,11.87,44800
9/17/2014,12.49,12.49,12.05,12.24,12.24,23300
9/16/2014,12.53,12.55,12.28,12.4,12.4,34400
9/15/2014,12.47,12.57,12.19,12.52,12.52,59400
9/12/2014,12.41,12.64,12.4,12.43,12.43,75900
9/11/2014,12.22,12.61,12.06,12.43,12.43,24600
9/10/2014,12.32,12.57,12.08,12.28,12.28,65900
9/9/2014,12.42,12.63,12.25,12.32,12.32,36000
9/8/2014,12.63,12.97,12.32,12.49,12.49,28500
9/5/2014,12.61,12.97,12.5,12.73,12.73,28700
9/4/2014,12.79,12.97,12.61,12.68,12.68,47100
9/3/2014,12.85,12.96,12.57,12.71,12.71,18000
9/2/2014,12.76,12.99,12.52,12.86,12.86,41300
8/29/2014,12.89,13.08,12.64,12.74,12.74,54100
8/28/2014,12.78,13,12.63,12.84,12.84,82400
8/27/2014,13.05,13.07,12.53,12.85,12.85,51700
8/26/2014,12.82,13.1,12.81,13.1,13.1,39400
8/25/2014,12.57,12.94,12.51,12.82,12.82,77100
8/22/2014,12.52,12.59,12.28,12.49,12.49,25500
8/21/2014,12.22,12.65,12.22,12.44,12.44,30700
8/20/2014,12.07,12.57,12,12.32,12.32,87800
8/19/2014,12,12.13,11.9,12.04,12.04,34900
8/18/2014,12.06,12.17,12,12,12,79900
8/15/2014,11.78,12.35,11.78,12.05,12.05,541500
8/14/2014,12.92,13.21,12.6,12.81,12.81,28200
8/13/2014,13.01,13.14,12.52,12.6,12.6,37400
8/12/2014,12.85,13.25,12.85,12.98,12.98,33100
8/11/2014,12.95,13.25,12.85,12.85,12.85,45100
8/8/2014,12.85,13,12.85,12.87,12.87,17200
8/7/2014,12.87,13.13,12.87,12.94,12.94,18700
8/6/2014,12.84,13.25,12.78,13,13,56400
8/5/2014,13.19,13.19,12.57,12.98,12.98,33100
8/4/2014,13.39,13.47,12.97,13.1,13.1,29400
8/1/2014,13.09,13.5,12.88,13.25,13.25,46000
7/31/2014,13.81,13.85,13.06,13.22,13.22,38000
7/30/2014,13.91,14,13.82,13.9,13.9,31100
7/29/2014,13.66,13.99,13.39,13.85,13.85,47400
7/28/2014,13.69,13.69,13.4,13.56,13.56,26800
7/25/2014,13.73,13.73,13.48,13.59,13.59,29800
7/24/2014,13.44,13.89,13.44,13.63,13.63,42200
7/23/2014,13.44,13.99,13.35,13.74,13.74,77700
7/22/2014,13.22,14.24,13,13.98,13.98,138200
7/21/2014,12.87,13.2,12.76,13.08,13.08,40100
7/18/2014,13.1,13.2,12.69,12.93,12.93,55400
7/17/2014,12.75,13.32,12.75,13.07,13.07,92600
7/16/2014,11.62,12.94,11.62,12.77,12.77,39400
7/15/2014,12.4,13.29,11.9,11.98,11.98,127700
7/14/2014,11.56,12.13,11.41,12.13,12.13,43200
7/11/2014,11.55,11.67,11.4,11.45,11.45,13600
7/10/2014,11.51,11.91,11.51,11.62,11.62,9000
7/9/2014,11.8,11.9,11.52,11.75,11.75,12500
7/8/2014,11.51,12,11.48,11.78,11.78,25400
7/7/2014,11.61,11.77,11.43,11.57,11.57,13200
7/3/2014,11.8,11.86,11.44,11.63,11.63,3100
7/2/2014,11.66,11.86,11.5,11.64,11.64,26000
7/1/2014,12.21,12.6,11.45,11.92,11.92,85800
6/30/2014,11.63,12.4,11.27,12.32,12.32,139700
6/27/2014,10.67,11.85,10.52,11.78,11.78,668700
6/26/2014,10.32,10.85,10.32,10.76,10.76,34100
6/25/2014,10.42,10.62,10.23,10.43,10.43,30200
6/24/2014,11.06,11.06,10.29,10.52,10.52,36900
6/23/2014,11.35,11.35,10.72,10.75,10.75,51600
6/20/2014,10.89,11.38,10.66,11.17,11.17,39300
6/19/2014,10.45,10.87,10.35,10.84,10.84,36600
6/18/2014,10.43,10.64,10.3,10.46,10.46,21700
6/17/2014,10.36,10.76,10.17,10.39,10.39,71400
6/16/2014,10.27,10.71,10.14,10.43,10.43,62500
6/13/2014,10.01,10.55,9.9,10.43,10.43,30100
6/12/2014,10.03,10.31,9.77,9.85,9.85,35700
6/11/2014,10.16,10.32,9.92,10,10,33200
6/10/2014,10.29,10.55,10.06,10.16,10.16,26800
6/9/2014,10.73,10.88,10.4,10.4,10.4,26200
6/6/2014,10.2,10.95,9.92,10.68,10.68,111700
6/5/2014,9.88,10.17,9.72,9.95,9.95,38000
6/4/2014,9.96,10.13,9.65,9.8,9.8,56900
6/3/2014,10.55,10.83,9.86,10.05,10.05,43600
6/2/2014,10.04,10.73,10.03,10.54,10.54,33200
5/30/2014,9.56,10.2,9.5,10.06,10.06,41700
5/29/2014,9.87,9.91,9.5,9.57,9.57,65700
5/28/2014,9.82,10.09,9.36,9.94,9.94,28800
5/27/2014,10.22,10.27,9.79,9.89,9.89,29500
5/23/2014,10.44,10.5,10.01,10.15,10.15,26800
5/22/2014,10.54,10.55,10.33,10.39,10.39,16900
5/21/2014,10.45,10.75,10.25,10.45,10.45,21100
5/20/2014,10.41,10.88,10.25,10.45,10.45,19800
5/19/2014,10.16,10.54,9.97,10.52,10.52,14900
5/16/2014,10.48,10.53,9.88,10.09,10.09,24700
5/15/2014,10.6,10.6,10.29,10.47,10.47,36500
5/14/2014,10.63,10.87,10.45,10.59,10.59,67100
5/13/2014,9.5,10.73,9.5,10.57,10.57,68000
5/12/2014,9.5,10.3,9.5,10.12,10.12,30200
5/9/2014,9.46,9.63,9.22,9.51,9.51,16600
5/8/2014,9.43,9.66,9.2,9.56,9.56,22200
5/7/2014,9.74,9.74,9.42,9.5,9.5,12600
5/6/2014,9.93,10.11,9.72,9.73,9.73,21200
5/5/2014,10.12,10.12,9.68,9.92,9.92,11300
5/2/2014,10.52,11.4,10.07,10.15,10.15,48900
5/1/2014,10.1,10.67,9.75,10.54,10.54,46400
4/30/2014,9.43,10.65,9.29,10.09,10.09,52600
4/29/2014,9.8,9.81,9.33,9.38,9.38,38300
4/28/2014,10.05,10.52,9.44,9.69,9.69,36600
4/25/2014,9.9,10.11,9.76,9.97,9.97,31300
4/24/2014,10.4,10.41,9.81,9.93,9.93,17400
4/23/2014,9.99,10.43,9.8,9.87,9.87,23100
4/22/2014,9.96,10.11,9.87,9.96,9.96,31700
4/21/2014,10.06,10.45,9.82,9.94,9.94,36500
4/17/2014,10.43,10.43,9.91,10.01,10.01,37400
4/16/2014,10.84,11.18,10.2,10.43,10.43,34100
4/15/2014,10.96,11.35,10.33,10.79,10.79,58800
4/14/2014,11.13,11.52,10.62,10.97,10.97,104300
4/11/2014,11.52,11.96,11.19,11.26,11.26,38000
4/10/2014,11.87,11.93,11.14,11.66,11.66,82100
4/9/2014,10,12.08,10,12,12,121400
4/8/2014,9.64,10.11,9.48,9.93,9.93,48300
4/7/2014,9.45,9.71,9.26,9.57,9.57,41800
4/4/2014,10.12,10.32,9.26,9.55,9.55,45300
4/3/2014,10.07,10.19,9.72,9.99,9.99,43200
4/2/2014,10.29,10.45,9.83,10.09,10.09,52300
4/1/2014,10.91,10.91,10.15,10.22,10.22,38300
3/31/2014,10.21,11.14,10.05,10.34,10.34,25800
3/28/2014,10.21,11.11,9.89,10.05,10.05,54500
3/27/2014,10.3,11.34,10.01,10.1,10.1,114800
3/26/2014,11.1,11.47,10.05,10.2,10.2,405800
3/25/2014,11.22,11.47,10.82,11.07,11.07,24900
3/24/2014,11.82,11.88,10.75,10.99,10.99,72500
3/21/2014,11.87,11.98,11.71,11.72,11.72,44200
3/20/2014,11.93,11.95,11.51,11.78,11.78,29800
3/19/2014,12.15,12.15,11.28,11.9,11.9,26400
3/18/2014,11.32,12.29,11.25,11.93,11.93,109100
3/17/2014,11.39,11.41,10.96,11.25,11.25,71400
3/14/2014,11.52,11.62,11.05,11.21,11.21,40600
3/13/2014,11.6,11.79,11.3,11.61,11.61,29200
3/12/2014,11.8,12,11.31,11.54,11.54,40800
3/11/2014,12.21,12.57,11.51,11.8,11.8,21500
3/10/2014,12.34,12.43,12.12,12.19,12.19,17900
3/7/2014,11.91,12.48,11.85,12.4,12.4,14900
3/6/2014,12.22,12.36,11.85,11.92,11.92,40000
3/5/2014,12.23,12.48,11.99,12.27,12.27,34100
3/4/2014,12.1,12.41,11.92,12.17,12.17,50900
3/3/2014,12.45,12.75,11.8,12.02,12.02,28000
2/28/2014,12.88,13,12.5,12.59,12.59,30900
2/27/2014,12.53,13.25,12.53,12.83,12.83,101900
2/26/2014,12,12.95,11.7,12.65,12.65,66200
2/25/2014,11.71,12.35,11.55,12.25,12.25,24200
2/24/2014,11.75,11.87,11.73,11.78,11.78,10300
2/21/2014,11.76,12,11.25,11.74,11.74,39800
2/20/2014,11.42,11.81,11.42,11.74,11.74,47100
2/19/2014,11.3,11.55,11.22,11.47,11.47,30300
2/18/2014,11.47,11.64,11.22,11.39,11.39,39200
2/14/2014,11.42,11.47,11.2,11.43,11.43,7200
2/13/2014,11.04,11.54,11.04,11.4,11.4,34400
2/12/2014,11,11.16,10.89,11.07,11.07,30600
2/11/2014,10.83,11.18,10.68,11.02,11.02,35800
2/10/2014,11.15,11.15,10.76,11.02,11.02,42700
2/7/2014,11,11.28,10.91,11.22,11.22,28000
2/6/2014,11,11.26,10.87,10.98,10.98,39000
2/5/2014,11.25,11.25,11.06,11.16,11.16,52500
2/4/2014,11.37,11.37,11.09,11.28,11.28,43200
2/3/2014,11.79,11.79,11.27,11.34,11.34,128600
1/31/2014,11.23,11.92,11.02,11.79,11.79,100800
1/30/2014,11.23,11.38,11.11,11.34,11.34,37600
1/29/2014,11.26,11.4,10.93,11.24,11.24,72000
1/28/2014,11.16,11.45,11.05,11.4,11.4,70700
1/27/2014,11.31,11.31,10.92,11.19,11.19,46400
1/24/2014,10.92,11.19,10.66,10.99,10.99,122900
1/23/2014,11.32,11.32,11,11.04,11.04,17200
1/22/2014,11.06,11.3,10.95,11.09,11.09,42600
1/21/2014,11.12,11.36,10.91,11.06,11.06,19600
1/17/2014,11.28,11.31,11,11.01,11.01,30000
1/16/2014,11.13,11.35,11.13,11.24,11.24,24300
1/15/2014,11.4,11.4,11,11.09,11.09,26100
1/14/2014,11.04,11.64,10.81,11.32,11.32,72600
1/13/2014,11.11,11.31,10.81,11,11,64500
1/10/2014,10.5,11.64,10.5,11.1,11.1,136500
1/9/2014,9.78,10.31,9.71,10.26,10.26,92200
1/8/2014,9.92,9.92,9.78,9.83,9.83,22300
1/7/2014,9.93,9.97,9.83,9.89,9.89,52000
1/6/2014,9.93,9.93,9.75,9.88,9.88,20300
1/3/2014,10.08,10.1,9.82,9.93,9.93,29000
1/2/2014,10.05,10.13,10,10.02,10.02,37900
12/31/2013,10.03,10.38,10.03,10.11,10.11,33400
12/30/2013,10.14,10.22,10,10.06,10.06,33800
12/27/2013,10.05,10.14,9.87,10.14,10.14,38000
12/26/2013,10.12,10.16,9.84,10.01,10.01,54300
12/24/2013,9.89,10.52,9.89,10.08,10.08,11800
12/23/2013,9.97,10.11,9.77,10.04,10.04,63300
12/20/2013,10.08,10.25,9.76,9.98,9.98,68400
12/19/2013,9.92,10.45,9.92,10.03,10.03,25700
12/18/2013,9.85,10.08,9.8,9.98,9.98,92900
12/17/2013,9.94,9.99,9.75,9.86,9.86,19200
12/16/2013,10.22,10.22,9.89,9.99,9.99,21600
12/13/2013,10.42,10.45,10.08,10.22,10.22,38600
12/12/2013,10.02,10.3,10.02,10.25,10.25,66500
12/11/2013,10.29,10.42,9.61,9.96,9.96,81100
12/10/2013,10.29,10.48,10.28,10.3,10.3,27500
12/9/2013,10.37,10.44,10.26,10.34,10.34,15800
12/6/2013,10.58,10.58,10.38,10.48,10.48,44600
12/5/2013,10.4,10.58,10,10.55,10.55,32300
12/4/2013,10.2,10.49,10.07,10.45,10.45,18100
12/3/2013,11.27,11.27,10.08,10.28,10.28,65600
12/2/2013,11.94,11.99,11.04,11.3,11.3,42200
11/29/2013,12,12,11.88,11.98,11.98,7900
11/27/2013,11.98,11.99,11.8,11.96,11.96,38100
11/26/2013,11.96,12.08,11.69,11.93,11.93,34900
11/25/2013,11.55,12.31,11.55,11.87,11.87,27100
11/22/2013,11.5,11.7,11.42,11.55,11.55,14700
11/21/2013,11.44,11.66,11.35,11.47,11.47,34600
11/20/2013,11.31,11.59,11.21,11.38,11.38,48700
11/19/2013,11.44,11.44,11.2,11.35,11.35,27900
11/18/2013,11.37,11.56,11.25,11.49,11.49,42900
11/15/2013,11.3,11.81,11.15,11.3,11.3,101600
11/14/2013,11.75,11.99,11.06,11.34,11.34,179300
11/13/2013,11.96,11.96,11.03,11.79,11.79,58400
11/12/2013,11.9,12.49,10.75,11.98,11.98,52300
11/11/2013,11.97,12.5,11.93,12.01,12.01,19700
11/8/2013,12,12.11,11.97,12.01,12.01,86300
11/7/2013,12.36,12.5,11.97,12.02,12.02,21400
11/6/2013,12.47,12.55,12.32,12.49,12.49,30300
11/5/2013,12,12.5,12,12.41,12.41,20100
11/4/2013,11.97,12.27,11.58,12.08,12.08,21200
11/1/2013,12.13,12.25,11.85,11.91,11.91,28900
10/31/2013,12.3,12.5,11.9,12.14,12.14,25900
10/30/2013,11.7,12.47,11.7,12.18,12.18,54400
10/29/2013,11.94,11.94,11.59,11.8,11.8,47200
10/28/2013,11.58,12,11.5,11.75,11.75,35600
10/25/2013,12.15,12.15,11.45,11.69,11.69,103200
10/24/2013,13.21,13.21,11.87,12.14,12.14,87800
10/23/2013,13.3,13.3,12.8,13.15,13.15,38800
10/22/2013,13.28,13.5,13.27,13.4,13.4,33900
10/21/2013,13.7,13.77,12.43,13.34,13.34,26100
10/18/2013,13.5,13.83,13.5,13.79,13.79,32500
10/17/2013,13.58,13.82,13.34,13.6,13.6,36000
10/16/2013,13.5,13.72,13.49,13.62,13.62,47100
10/15/2013,13.53,13.65,13.35,13.5,13.5,36200
10/14/2013,13.88,13.88,12.75,13.59,13.59,26700
10/11/2013,13.67,14.08,13.62,13.8,13.8,35400
10/10/2013,13.18,13.7,12.94,13.57,13.57,71300
10/9/2013,12.88,13.24,12.83,13.01,13.01,36900
10/8/2013,12.85,13.2,12.74,12.84,12.84,55400
10/7/2013,13.05,13.27,12.8,12.97,12.97,40000
10/4/2013,11.9,13.32,11.9,13.14,13.14,56800
10/3/2013,11.28,12.1,11.25,11.85,11.85,60500
10/2/2013,12,12,11.6,11.62,11.62,17500
10/1/2013,11.91,12.43,11.91,12.15,12.15,26900
9/30/2013,11.18,12.25,10.86,11.95,11.95,53200
9/27/2013,11.35,11.58,11.3,11.33,11.33,57800
9/26/2013,11.6,11.6,11.18,11.44,11.44,19400
9/25/2013,12.02,12.45,11.47,11.47,11.47,77200
9/24/2013,11.54,12.15,11.44,12.04,12.04,156600
9/23/2013,11.84,11.88,11.35,11.6,11.6,22100
9/20/2013,11.57,11.94,11.5,11.81,11.81,21700
9/19/2013,11.38,11.65,11.38,11.57,11.57,10300
9/18/2013,11.56,11.7,11.19,11.51,11.51,29900
9/17/2013,11.45,11.61,11.4,11.51,11.51,27300
9/16/2013,11.7,11.7,11.18,11.37,11.37,27500
9/13/2013,11.62,11.69,11.48,11.66,11.66,14100
9/12/2013,11.42,11.71,11.15,11.58,11.58,33100
9/11/2013,11.44,11.55,11.32,11.5,11.5,27300
9/10/2013,11.58,11.7,11.35,11.51,11.51,49700
9/9/2013,11.71,11.89,11.45,11.55,11.55,28000
9/6/2013,11.71,11.84,11.5,11.73,11.73,26600
9/5/2013,11.68,11.68,11.54,11.59,11.59,5000
9/4/2013,11.25,11.99,11.12,11.56,11.56,137700
9/3/2013,10.77,11.22,10.65,11.18,11.18,51400
8/30/2013,10.71,11.07,10.55,10.65,10.65,15800
8/29/2013,10.77,11.16,10.62,10.76,10.76,18200
8/28/2013,10.89,11.31,10.57,10.76,10.76,17300
8/27/2013,11.48,11.48,10.74,10.95,10.95,17100
8/26/2013,11.6,11.6,11.45,11.56,11.56,108100
8/23/2013,11.74,11.9,11.52,11.6,11.6,12400
8/22/2013,11.8,11.88,11.7,11.73,11.73,16500
8/21/2013,11.27,11.84,11.27,11.73,11.73,35700
8/20/2013,11.1,11.17,11.05,11.17,11.17,10500
8/19/2013,11.1,11.42,11.07,11.11,11.11,16700
8/16/2013,11.94,11.94,11.46,11.48,11.48,15100
8/15/2013,11.73,12.41,11.73,11.92,11.92,69100
8/14/2013,11.5,11.96,11.49,11.85,11.85,118000
8/13/2013,11.83,11.83,11.36,11.58,11.58,112000
8/12/2013,12,12.1,11.9,12.03,12.03,30200
8/9/2013,11.97,12.05,11.91,11.93,11.93,12300
8/8/2013,12.15,12.15,11.88,12.03,12.03,13500
8/7/2013,12.01,12.19,11.85,12.16,12.16,16100
8/6/2013,12.37,12.47,11.05,12.11,12.11,24400
8/5/2013,12.87,12.87,12.31,12.43,12.43,65800
8/2/2013,12.28,12.94,12,12.94,12.94,54100
8/1/2013,12.29,12.36,12.15,12.25,12.25,32800
7/31/2013,11.59,12.31,11.5,12.13,12.13,71600
7/30/2013,11.3,11.75,11.3,11.58,11.58,33600
7/29/2013,11.45,11.53,11.09,11.32,11.32,40200
7/26/2013,11.67,11.76,11.34,11.46,11.46,37000
7/25/2013,11.36,11.78,10.42,11.77,11.77,40600
7/24/2013,11.48,11.59,11.14,11.41,11.41,44600
7/23/2013,10.93,11.5,10.93,11.45,11.45,44500
7/22/2013,10.25,11.19,10.25,10.93,10.93,95200
7/19/2013,10.74,10.95,10.17,10.31,10.31,82000
7/18/2013,10.44,10.65,10.44,10.61,10.61,49100
7/17/2013,9.89,10.39,9.77,10.35,10.35,40600
7/16/2013,9.97,10.16,9.65,9.94,9.94,27400
7/15/2013,9.7,9.98,9.6,9.98,9.98,23300
7/12/2013,9.93,10,9.55,9.7,9.7,98600
7/11/2013,10.22,10.24,9.64,9.98,9.98,32300
7/10/2013,9.87,10.14,9.86,10.06,10.06,55400
7/9/2013,9.93,9.95,9.75,9.86,9.86,119400
7/8/2013,9.93,10.18,9.81,9.92,9.92,30200
7/5/2013,10.27,10.27,9.81,10.11,10.11,49800
7/3/2013,10.5,10.55,9.97,10.14,10.14,27300
7/2/2013,10.58,10.65,10.51,10.56,10.56,19900
7/1/2013,10.65,10.76,10.11,10.54,10.54,54600
6/28/2013,10.24,10.55,10.09,10.52,10.52,266400
6/27/2013,10.23,10.64,10.06,10.23,10.23,133600
6/26/2013,9.65,10.12,9.5,10,10,138200
6/25/2013,9.31,9.45,9.16,9.35,9.35,68500
6/24/2013,8.82,9.05,8.7,8.9,8.9,85200
6/21/2013,8.46,8.87,8.46,8.78,8.78,111300
6/20/2013,9.44,9.52,8.39,8.41,8.41,94400
6/19/2013,9.66,9.81,9.5,9.5,9.5,31400
6/18/2013,9.57,9.89,9.55,9.6,9.6,49700
6/17/2013,9.95,9.95,9.53,9.63,9.63,69200
6/14/2013,9.85,9.91,9.68,9.73,9.73,8000
6/13/2013,9.89,9.9,9.67,9.8,9.8,33000
6/12/2013,9.99,10.28,9.88,9.96,9.96,50000
6/11/2013,10.15,10.35,9.95,9.98,9.98,85600
6/10/2013,10.03,10.44,9.9,10.28,10.28,57500
6/7/2013,10.05,10.05,9.81,9.96,9.96,44600
6/6/2013,9.94,10.1,9.82,9.95,9.95,30400
6/5/2013,9.99,10.1,9.87,9.88,9.88,52500
6/4/2013,10.28,10.29,9.76,9.97,9.97,39500
6/3/2013,10.04,10.34,9.86,10.22,10.22,83700
5/31/2013,10.31,10.38,10.03,10.04,10.04,61400
5/30/2013,10.68,10.71,10.42,10.45,10.45,55600
5/29/2013,9.96,10.66,9.73,10.66,10.66,137100
5/28/2013,10.06,10.53,9.67,9.96,9.96,103400
5/24/2013,10.33,10.5,9.32,9.65,9.65,178300
5/23/2013,10.55,10.78,10.22,10.36,10.36,63100
5/22/2013,10.85,11.1,10.44,10.54,10.54,76300
5/21/2013,11.07,11.18,10.87,10.91,10.91,44200
5/20/2013,11.29,11.39,10.62,11,11,103200
5/17/2013,12.15,12.15,11.15,11.39,11.39,138400
5/16/2013,12.93,13.09,12.1,12.13,12.13,109600
5/15/2013,13.14,13.2,12.75,12.93,12.93,75200
5/14/2013,14.96,15.01,12.77,13.13,13.13,818600
5/13/2013,15.09,15.61,14.62,15.42,15.42,33500
5/10/2013,15.07,15.1,14.67,14.88,14.88,6600
5/9/2013,14.6,15.57,14.6,15.03,15.03,27300
5/8/2013,14.85,15.49,14.53,15.05,15.05,20000
5/7/2013,14.48,14.98,14.42,14.88,14.88,16900
5/6/2013,15.03,15.03,14.74,14.96,14.96,17400
5/3/2013,15,15,14.67,14.99,14.99,13800
5/2/2013,14.58,15,14.27,14.89,14.89,40200
5/1/2013,14.89,15,14.43,14.44,14.44,35100
4/30/2013,14.91,15.18,14.87,15,15,20200
4/29/2013,14.58,15,14.5,14.99,14.99,27500
4/26/2013,14.79,15.07,14.5,14.57,14.57,17700
4/25/2013,14.77,15.25,14.77,14.88,14.88,59700
4/24/2013,14.41,14.9,14.25,14.75,14.75,57000
4/23/2013,14.45,14.5,13.95,14.44,14.44,42100
4/22/2013,14.14,14.58,13.86,14.39,14.39,27600
4/19/2013,14.43,14.51,14.05,14.38,14.38,11600
4/18/2013,14.22,14.6,14.06,14.42,14.42,21200
4/17/2013,14.84,14.84,13.94,14.11,14.11,35000
4/16/2013,14.59,14.96,14.57,14.91,14.91,14600
4/15/2013,14.72,15,14.37,14.5,14.5,57700
4/12/2013,14.86,14.9,14.13,14.72,14.72,48600
4/11/2013,15.06,15.06,14.72,14.93,14.93,30700
4/10/2013,14.82,15.27,14.6,14.91,14.91,79100
4/9/2013,14.82,15.16,14.82,14.92,14.92,70500
4/8/2013,14.82,15.45,14.61,15.28,15.28,63200
4/5/2013,14.63,14.88,14.2,14.79,14.79,82900
4/4/2013,14.7,15,14.23,14.71,14.71,45000
4/3/2013,14.72,14.72,14.23,14.64,14.64,22000
4/2/2013,15.01,15.01,14.14,14.65,14.65,109800
4/1/2013,15.02,15.43,14.71,14.96,14.96,66600
3/28/2013,15.09,15.71,14.7,15.09,15.09,588900
3/27/2013,15.48,15.86,15.16,15.16,15.16,54100
3/26/2013,15.15,15.8,15.15,15.55,15.55,172600
3/25/2013,14.45,15.24,14.13,15.15,15.15,127200
3/22/2013,13.75,14.45,13.75,14.42,14.42,51600
3/21/2013,13.98,13.98,13.59,13.8,13.8,27900
3/20/2013,13.69,13.95,13.23,13.72,13.72,84400
3/19/2013,13.4,13.75,13.4,13.54,13.54,68400
3/18/2013,12.95,13.73,12.95,13.59,13.59,64600
3/15/2013,13.67,14.01,13.25,13.6,13.6,126900
3/14/2013,13.62,14.2,12.62,13.7,13.7,350100
3/13/2013,13.83,14,13.51,13.62,13.62,27700
3/12/2013,14.18,14.18,13.75,13.84,13.84,54000
3/11/2013,14.15,14.15,13.75,14.05,14.05,25200
3/8/2013,13.68,14.09,13.68,13.97,13.97,64600
3/7/2013,14.02,14.46,13.68,13.92,13.92,97000
3/6/2013,14.3,14.7,13.72,14.06,14.06,132400
3/5/2013,14.22,14.69,14,14.31,14.31,414500
3/4/2013,12.89,13.89,12.56,13.62,13.62,542100
3/1/2013,12.98,12.98,12.45,12.5,12.5,18400
2/28/2013,12.27,12.63,12.25,12.49,12.49,17000
2/27/2013,12.46,12.69,12,12.32,12.32,48200
2/26/2013,12.51,12.55,12.27,12.41,12.41,51800
2/25/2013,13.18,13.18,12.37,12.58,12.58,81600
2/22/2013,12.75,13.31,12.26,12.53,12.53,55100
2/21/2013,12.5,12.81,12.5,12.56,12.56,29900
2/20/2013,12.76,13.01,12.6,12.75,12.75,60000
2/19/2013,12.87,13.27,12.6,12.91,12.91,110400
2/15/2013,13.21,13.4,12.94,13.02,13.02,143100
2/14/2013,12.85,13.51,12.81,13.4,13.4,74500
2/13/2013,12.25,13.3,12.25,13,13,131800
2/12/2013,13,13.34,12.4,12.51,12.51,243200
2/11/2013,13.5,13.88,12.95,13.3,13.3,287600
