Date,Open,High,Low,Adj_Close,Volume,Dividends,Stock Splits,Empty_col_H,MA_Price_200_day,MA_Price_50_day,MA_Price_20_day,MA_Price_10_day,MA_Volume_50_day
01/03/2028
12/31/2027
12/30/2027
12/29/2027
12/28/2027
12/27/2027
12/24/2027
12/23/2027
12/22/2027
12/21/2027
12/20/2027
12/17/2027
12/16/2027
12/15/2027
12/14/2027
12/13/2027
12/10/2027
12/09/2027
12/08/2027
12/07/2027
12/06/2027
12/03/2027
12/02/2027
12/01/2027
11/30/2027
11/29/2027
11/26/2027
11/25/2027
11/24/2027
11/23/2027
11/22/2027
11/19/2027
11/18/2027
11/17/2027
11/16/2027
11/15/2027
11/12/2027
11/11/2027
11/10/2027
11/09/2027
11/08/2027
11/05/2027
11/04/2027
11/03/2027
11/02/2027
11/01/2027
10/29/2027
10/28/2027
10/27/2027
10/26/2027
10/25/2027
10/22/2027
10/21/2027
10/20/2027
10/19/2027
10/18/2027
10/15/2027
10/14/2027
10/13/2027
10/12/2027
10/11/2027
10/08/2027
10/07/2027
10/06/2027
10/05/2027
10/04/2027
10/01/2027
09/30/2027
09/29/2027
09/28/2027
09/27/2027
09/24/2027
09/23/2027
09/22/2027
09/21/2027
09/20/2027
09/17/2027
09/16/2027
09/15/2027
09/14/2027
09/13/2027
09/10/2027
09/09/2027
09/08/2027
09/07/2027
09/06/2027
09/03/2027
09/02/2027
09/01/2027
08/31/2027
08/30/2027
08/27/2027
08/26/2027
08/25/2027
08/24/2027
08/23/2027
08/20/2027
08/19/2027
08/18/2027
08/17/2027
08/16/2027
08/13/2027
08/12/2027
08/11/2027
08/10/2027
08/09/2027
08/06/2027
08/05/2027
08/04/2027
08/03/2027
08/02/2027
07/30/2027
07/29/2027
07/28/2027
07/27/2027
07/26/2027
07/23/2027
07/22/2027
07/21/2027
07/20/2027
07/19/2027
07/16/2027
07/15/2027
07/14/2027
07/13/2027
07/12/2027
07/09/2027
07/08/2027
07/07/2027
07/06/2027
07/05/2027
07/02/2027
07/01/2027
06/30/2027
06/29/2027
06/28/2027
06/25/2027
06/24/2027
06/23/2027
06/22/2027
06/21/2027
06/18/2027
06/17/2027
06/16/2027
06/15/2027
06/14/2027
06/11/2027
06/10/2027
06/09/2027
06/08/2027
06/07/2027
06/04/2027
06/03/2027
06/02/2027
06/01/2027
05/31/2027
05/28/2027
05/27/2027
05/26/2027
05/25/2027
05/24/2027
05/21/2027
05/20/2027
05/19/2027
05/18/2027
05/17/2027
05/14/2027
05/13/2027
05/12/2027
05/11/2027
05/10/2027
05/07/2027
05/06/2027
05/05/2027
05/04/2027
05/03/2027
04/30/2027
04/29/2027
04/28/2027
04/27/2027
04/26/2027
04/23/2027
04/22/2027
04/21/2027
04/20/2027
04/19/2027
04/16/2027
04/15/2027
04/14/2027
04/13/2027
04/12/2027
04/09/2027
04/08/2027
04/07/2027
04/06/2027
04/05/2027
04/02/2027
04/01/2027
03/31/2027
03/30/2027
03/29/2027
03/26/2027
03/25/2027
03/24/2027
03/23/2027
03/22/2027
03/19/2027
03/18/2027
03/17/2027
03/16/2027
03/15/2027
03/12/2027
03/11/2027
03/10/2027
03/09/2027
03/08/2027
03/05/2027
03/04/2027
03/03/2027
03/02/2027
03/01/2027
02/26/2027
02/25/2027
02/24/2027
02/23/2027
02/22/2027
02/19/2027
02/18/2027
02/17/2027
02/16/2027
02/15/2027
02/12/2027
02/11/2027
02/10/2027
02/09/2027
02/08/2027
02/05/2027
02/04/2027
02/03/2027
02/02/2027
02/01/2027
01/29/2027
01/28/2027
01/27/2027
01/26/2027
01/25/2027
01/22/2027
01/21/2027
01/20/2027
01/19/2027
01/18/2027
01/15/2027
01/14/2027
01/13/2027
01/12/2027
01/11/2027
01/08/2027
01/07/2027
01/06/2027
01/05/2027
01/04/2027
01/01/2027
12/31/2026
12/30/2026
12/29/2026
12/28/2026
12/24/2026
12/23/2026
12/22/2026
12/21/2026
12/18/2026
12/17/2026
12/16/2026
12/15/2026
12/14/2026
12/11/2026
12/10/2026
12/09/2026
12/08/2026
12/07/2026
12/04/2026
12/03/2026
12/02/2026
12/01/2026
11/30/2026
11/27/2026
11/25/2026
11/24/2026
11/23/2026
11/20/2026
11/19/2026
11/18/2026
11/17/2026
11/16/2026
11/13/2026
11/12/2026
11/11/2026
11/10/2026
11/09/2026
11/06/2026
11/05/2026
11/04/2026
11/03/2026
11/02/2026
10/30/2026
10/29/2026
10/28/2026
10/27/2026
10/26/2026
10/23/2026
10/22/2026
10/21/2026
10/20/2026
10/19/2026
10/16/2026
10/15/2026
10/14/2026
10/13/2026
10/12/2026
10/09/2026
10/08/2026
10/07/2026
10/06/2026
10/05/2026
10/02/2026
10/01/2026
09/30/2026
09/29/2026
09/28/2026
09/25/2026
09/24/2026
09/23/2026
09/22/2026
09/21/2026
09/18/2026
09/17/2026
09/16/2026
09/15/2026
09/14/2026
09/11/2026
09/10/2026
09/09/2026
09/08/2026
09/04/2026
09/03/2026
09/02/2026
09/01/2026
08/31/2026
08/28/2026
08/27/2026
08/26/2026
08/25/2026
08/24/2026,88.41999816894531,92.2300033569336,87.4572982788086,89.9800033569336,2362906,0.0,0.0,-,54.641150064468384,81.47339981079102,83.89000015258789,87.98300018310547,1944214.12
08/21/2026,85.69999694824219,89.13999938964844,84.2300033569336,88.41999816894531,1420800,0.0,0.0,-,54.45845004081726,80.96879974365234,83.1465000152588,88.14199981689453,1945914.0
08/20/2026,88.2300033569336,89.86000061035156,85.33000183105469,85.62000274658203,1403000,0.0,0.0,-,54.268050050735475,80.44159980773925,82.44099998474121,88.23300018310547,1975480.0
08/19/2026,89.3499984741211,90.6989974975586,87.29000091552734,88.45999908447266,1472300,0.0,0.0,-,54.08875002861023,79.98479972839355,81.99449996948242,87.67900009155274,1984758.0
08/18/2026,87.11000061035156,89.95999908447266,85.01000213623047,88.23999786376953,1124400,0.0,0.0,-,53.88975003242493,79.47279975891114,81.52550010681152,86.9120002746582,1988786.0
08/17/2026,87.37999725341797,89.75,86.44999694824219,87.87000274658203,1222800,0.0,0.0,-,53.69655003547668,78.98039978027344,81.3310001373291,86.03000030517578,2014454.0
08/14/2026,87.75,88.8949966430664,86.16000366210938,88.48999786376953,1055200,0.0,0.0,-,53.51205002784729,78.48259971618653,81.3224998474121,85.00800018310547,2032024.0
08/13/2026,86.95999908447266,88.66000366210938,86.0,87.41999816894531,798100,0.0,0.0,-,53.31895003318787,77.88599975585937,81.25249977111817,83.63000030517578,2030926.0
08/12/2026,89.0999984741211,89.31999969482422,86.0,86.31999969482422,1369400,0.0,0.0,-,53.12985003471375,77.30719978332519,81.18050003051758,82.39900054931641,2050518.0
08/11/2026,90.5,93.12999725341795,88.98999786376953,89.01000213623047,2454100,0.0,0.0,-,52.94600003242493,76.79919975280762,81.15200004577636,81.17300033569336,2090268.0
08/10/2026,89.87999725341797,92.88999938964844,89.12999725341797,91.56999969482422,2195600,0.0,0.0,-,52.74525002479553,76.14319969177247,81.16699981689453,79.79700012207032,2095930.0
08/07/2026,80.37999725341797,90.4000015258789,80.36000061035156,89.33000183105469,2562700,0.0,0.0,-,52.53610003471375,75.41079971313476,81.08849983215332,78.15100021362305,2077532.0
08/06/2026,78.5999984741211,80.9000015258789,78.0,80.08000183105469,1866800,0.0,0.0,-,52.34585001945496,74.69579971313476,81.06199989318847,76.64899978637695,2046094.0
08/05/2026,76.45999908447266,89.77999877929688,75.19000244140625,80.79000091552734,3965700,0.0,0.0,-,52.19185000419617,74.1537996673584,81.553999710083,76.30999984741212,2034958.0
08/04/2026,78.01000213623047,81.66999816894531,77.5,79.41999816894531,2570500,0.0,0.0,-,52.04160000801087,73.64299964904785,81.93949966430664,76.13899993896484,1981768.0
08/03/2026,76.11000061035156,79.13999938964844,75.52999877929688,77.6500015258789,1671700,0.0,0.0,-,51.8965500164032,73.15699966430664,82.43349990844726,76.63199996948242,1952386.0
07/31/2026,75.36000061035156,77.52999877929688,74.68000030517578,74.70999908447266,1127800,0.0,0.0,-,51.760500001907346,72.6987996673584,82.97699966430665,77.63699951171876,1944006.0
07/30/2026,74.0999984741211,75.41000366210938,72.54000091552734,75.11000061035156,1406800,0.0,0.0,-,51.63895001411438,72.3037996673584,83.44399986267089,78.87499923706055,1938532.0
07/29/2026,75.54000091552734,77.33000183105469,73.75,74.05999755859375,1128300,0.0,0.0,-,51.51235001564026,71.89579963684082,83.94199981689454,79.96199951171874,1931792.0
07/28/2026,75.11000061035156,76.125,71.40399932861328,75.25,1461700,0.0,0.0,-,51.393850030899046,71.50459968566895,84.38899993896484,81.13099975585938,1931170.0
07/27/2026,75.19999694824219,76.41500091552734,74.47000122070312,75.11000061035156,951000,0.0,0.0,-,51.286650037765504,71.07719970703126,84.70050010681152,82.53699951171875,1944286.0
07/24/2026,77.97000122070312,78.01499938964844,73.66999816894531,74.30999755859375,1516500,0.0,0.0,-,51.1669000339508,70.65619972229004,84.8935001373291,84.0259994506836,1957092.0
07/23/2026,78.48999786376953,78.73999786376953,76.0,76.69000244140625,1299900,0.0,0.0,-,51.053750047683714,70.27439979553223,84.93500022888183,85.475,1949868.0
07/22/2026,83.33000183105469,84.04000091552734,77.94000244140625,79.08000183105469,2189900,0.0,0.0,-,50.92675004005432,69.83539978027343,84.62849998474121,86.79799957275391,1959512.0
07/21/2026,87.69999694824219,88.1969985961914,82.5199966430664,84.3499984741211,2235700,0.0,0.0,-,50.79545002937317,69.37419975280761,84.19349975585938,87.73999938964843,1952976.0
07/20/2026,87.0,88.61000061035156,85.72000122070312,87.69999694824219,1150900,0.0,0.0,-,50.61745003700256,68.78719978332519,83.41849975585937,88.23499984741211,1963318.0
07/17/2026,84.68000030517578,87.44000244140625,83.80000305175781,87.08999633789062,1911100,0.0,0.0,-,50.424350061416625,68.12999984741211,82.50449981689454,88.31699981689454,2042344.0
07/16/2026,86.22000122070312,88.3499984741211,84.0,85.9800033569336,1350500,0.0,0.0,-,50.23835007667542,67.38319992065429,81.50200004577637,88.01300048828125,2123118.0
07/15/2026,88.55000305175781,89.87999725341797,85.22000122070312,85.75,1842400,0.0,0.0,-,50.05075005531311,66.6413998413086,80.59349975585937,87.92200012207032,2130610.0
07/14/2026,88.5,90.9980010986328,87.80999755859375,89.30999755859375,1349100,0.0,0.0,-,49.87825005531311,65.8349998474121,79.72349967956544,87.64700012207031,2106486.0
07/13/2026,91.0500030517578,91.5,88.58999633789062,90.0,2478000,0.0,0.0,-,49.702850065231324,64.94079986572265,78.52499961853027,86.8640007019043,2102140.0
07/10/2026,89.08999633789062,90.52999877929688,87.44599914550781,88.80000305175781,1176300,0.0,0.0,-,49.55105006217956,64.020599899292,77.26249961853027,85.76100082397461,2070616.0
07/09/2026,89.2300033569336,91.06999969482422,88.9000015258789,89.91999816894531,1292300,0.0,0.0,-,49.396250047683715,63.13939987182617,75.92549953460693,84.39500045776367,2067336.0
07/08/2026,88.44999694824219,90.08499908447266,86.8759994506836,88.5,1775300,0.0,0.0,-,49.23120005607605,62.24159988403321,74.56849956512451,82.45900039672851,2053658.0
07/07/2026,88.7699966430664,90.91400146484376,87.69999694824219,89.30000305175781,1994300,0.0,0.0,-,49.07325005531311,61.35739990234375,73.28649959564208,80.64700012207031,2026772.0
07/06/2026,83.41999816894531,90.11900329589844,83.05999755859375,88.5199966430664,1709100,0.0,0.0,-,48.910450048446656,60.43619987487793,72.00249938964843,78.60199966430665,1997244.0
07/02/2026,85.0,85.64800262451172,82.52999877929688,84.05000305175781,1112700,0.0,0.0,-,48.762200059890745,59.560999908447265,70.72549953460694,76.69199981689454,1970228.0
07/01/2026,83.58000183105469,86.66000366210938,81.72000122070312,85.06999969482422,2007500,0.0,0.0,-,48.63230004310608,58.77119987487793,69.45599937438965,74.99099960327149,1967906.0
06/30/2026,81.05999755859375,83.83999633789062,80.0,83.0,1806900,0.0,0.0,-,48.495100049972535,57.94839988708496,68.12649936676026,73.26499938964844,1938986.0
06/29/2026,78.91000366210938,84.62000274658203,78.0009994506836,81.4800033569336,4341800,0.0,0.0,-,48.380000047683716,57.15479988098144,67.02249927520752,71.79999923706055,1912512.0
06/26/2026,74.88500213623047,79.26000213623047,74.2699966430664,78.97000122070312,8946900,0.0,0.0,-,48.253400030136106,56.38359977722168,65.75899906158448,70.18599853515624,1841342.0
06/25/2026,70.88999938964844,75.16999816894531,69.4000015258789,75.13999938964844,2851000,0.0,0.0,-,48.145100030899044,55.63359977722168,64.5579990386963,68.76399841308594,1677680.0
06/24/2026,71.98999786376953,72.38999938964844,70.19999694824219,70.55999755859375,1913100,0.0,0.0,-,48.05425004005432,54.90639976501465,63.4799991607666,67.4559986114502,1641676.0
06/23/2026,68.05000305175781,70.75,67.86000061035156,70.37999725341797,1317600,0.0,0.0,-,47.97680005073548,54.25179985046387,62.60099925994873,66.67799873352051,1618574.0
06/22/2026,69.37000274658203,71.44000244140625,68.30999755859375,68.8499984741211,2307500,0.0,0.0,-,47.904950056076046,53.55239990234375,61.84449939727783,65.92599906921387,1611826.0
06/18/2026,67.44000244140625,69.55000305175781,65.95999908447266,69.41999816894531,2826200,0.0,0.0,-,47.84790005683899,52.89499992370605,61.157999420166014,65.40299911499024,1581892.0
06/17/2026,68.0,68.87000274658203,66.66000366210938,67.04000091552734,1498900,0.0,0.0,-,47.779200067520144,52.272399978637694,60.42399959564209,64.75899925231934,1534952.0
06/16/2026,69.02999877929688,70.72000122070312,67.05999755859375,67.80999755859375,2313500,0.0,0.0,-,47.72440007209778,51.691999969482424,59.81999950408935,63.920999145507814,1514874.0
06/15/2026,66.25,68.67500305175781,66.0,68.3499984741211,1881600,0.0,0.0,-,47.67400008201599,51.119599990844726,59.1649995803833,62.98799934387207,1478396.0
06/12/2026,66.1500015258789,66.9000015258789,63.459999084472656,65.33999633789062,1222600,0.0,0.0,-,47.6211000919342,50.53220001220703,58.47249965667724,62.24499931335449,1450282.0
06/11/2026,63.290000915527344,66.73999786376953,61.5099983215332,64.75,2447900,0.0,0.0,-,47.57010010719299,49.995200119018556,57.89949989318848,61.33199958801269,1435668.0
06/10/2026,65.16999816894531,65.98999786376953,61.5,62.060001373291016,2899100,0.0,0.0,-,47.521700105667115,49.47140014648438,57.36499996185303,60.35199966430664,1411674.0
06/09/2026,63.47999954223633,65.77999877929688,61.59999847412109,62.77999877929688,1866900,0.0,0.0,-,47.49925009727478,48.965600128173826,57.022999954223636,59.50399971008301,1371494.0
06/08/2026,64.48999786376953,65.71900177001953,62.810001373291016,62.86000061035156,1673700,0.0,0.0,-,47.4653501033783,48.43500015258789,56.621000099182126,58.523999786376955,1363696.0
06/05/2026,63.0,66.55000305175781,63.0,63.619998931884766,2407800,0.0,0.0,-,47.43725010871887,47.981400146484376,56.27900009155273,57.7629997253418,1341908.0
06/04/2026,58.81999969482422,64.30000305175781,58.15499877929688,62.97999954223633,2101300,0.0,0.0,-,47.399500112533566,47.51280014038086,55.8480001449585,56.9129997253418,1308932.0
06/03/2026,58.43999862670898,58.93999862670898,56.77000045776367,58.65999984741211,1000300,0.0,0.0,-,47.37975010871887,47.07140014648437,55.44100017547608,56.08899993896485,1275808.0
06/02/2026,60.0,60.79999923706055,58.02000045776367,58.47999954223633,1777700,0.0,0.0,-,47.38180010795593,46.74040016174317,54.99550018310547,55.7189998626709,1270620.0
06/01/2026,57.34999847412109,62.07500076293945,55.150001525878906,60.91999816894531,3356900,0.0,0.0,-,47.375350103378295,46.42040016174317,54.51600017547607,55.34199981689453,1250742.0
05/29/2026,55.18999862670898,56.86000061035156,54.130001068115234,56.209999084472656,2737200,0.0,0.0,-,47.36100010871887,46.092200164794924,53.741500282287596,54.7,1199574.0
05/28/2026,53.75,55.04999923706055,52.93000030517578,54.95000076293945,1275700,0.0,0.0,-,47.359900121688845,45.85560020446778,53.16100025177002,54.46700019836426,1160420.0
05/27/2026,52.810001373291016,54.93999862670898,52.25,53.58000183105469,990800,0.0,0.0,-,47.36375012397766,45.63880020141602,52.613000297546385,54.378000259399414,1159980.0
05/26/2026,55.43999862670898,55.70000076293945,52.83000183105469,52.97999954223633,1310000,0.0,0.0,-,47.37925011634827,45.43380020141601,52.17100028991699,54.542000198364256,1154538.0
05/22/2026,54.84000015258789,55.560001373291016,53.72499847412109,55.25,1306200,0.0,0.0,-,47.416100111007694,45.27420021057129,51.77350025177002,54.718000411987305,1149912.0
05/21/2026,54.369998931884766,56.0,53.86000061035156,55.119998931884766,1101400,0.0,0.0,-,47.442600107192995,45.05840019226074,51.22550029754639,54.79500045776367,1147520.0
05/20/2026,55.34000015258789,55.34000015258789,53.61000061035156,54.7400016784668,1252700,0.0,0.0,-,47.40810011863709,44.864800186157225,50.63150043487549,54.7830005645752,1149858.0
05/19/2026,55.09999847412109,55.68000030517578,54.257999420166016,54.959999084472656,854100,0.0,0.0,-,47.37550011634826,44.68940017700195,50.13250026702881,54.79300041198731,1150062.0
05/18/2026,55.29999923706055,55.83000183105469,54.2400016784668,54.709999084472656,1069800,0.0,0.0,-,47.3254501247406,44.510000228881836,49.61250038146973,54.27200050354004,1162988.0
05/15/2026,53.90999984741211,55.470001220703125,53.380001068115234,54.5,1097200,0.0,0.0,-,47.27665013313293,44.33860023498535,49.07350044250488,53.69000053405762,1176686.0
05/14/2026,54.38999938964844,55.040000915527344,51.720001220703125,53.880001068115234,2117500,0.0,0.0,-,47.22930012702942,44.16540023803711,48.51450042724609,52.7830005645752,1183962.0
05/13/2026,55.40999984741211,55.77999877929688,53.36000061035156,54.060001373291016,1591300,0.0,0.0,-,47.1779501247406,44.00200019836426,47.9665002822876,51.85500030517578,1175344.0
05/12/2026,53.650001525878906,55.30799865722656,53.650001525878906,55.220001220703125,1155300,0.0,0.0,-,47.1342001247406,43.80800018310547,47.3370002746582,50.84800033569336,1162870.0
05/11/2026,55.52000045776367,56.5,53.84999847412109,54.7400016784668,1782100,0.0,0.0,-,47.086950120925906,43.60080017089844,46.51500015258789,49.80000038146973,1159262.0
05/08/2026,55.09999847412109,56.02000045776367,53.970001220703125,56.02000045776367,1863100,0.0,0.0,-,47.04315011024475,43.361200103759764,45.66950016021728,48.829000091552736,1151404.0
05/07/2026,53.95000076293945,55.68000030517578,52.5099983215332,55.0,2752800,0.0,0.0,-,46.99830010414124,43.114200057983396,44.63900012969971,47.6560001373291,1141714.0
05/06/2026,52.5,55.790000915527344,48.08000183105469,54.84000015258789,5102200,0.0,0.0,-,46.95670010566712,42.82720008850097,43.68800010681152,46.48000030517578,1116514.0
05/05/2026,49.119998931884766,52.650001525878906,49.119998931884766,49.75,5949800,0.0,0.0,-,46.91880009651184,42.53260009765625,42.86050014495849,45.47200012207031,1038578.0
05/04/2026,45.68999862670898,49.5,45.0099983215332,48.88999938964844,1725100,0.0,0.0,-,46.90485009193421,42.30660011291504,42.27400016784668,44.95300025939942,950652.0
05/01/2026,45.0,45.7400016784668,44.59999847412109,45.43000030517578,636200,0.0,0.0,-,46.89290009498596,42.15500015258789,41.78900012969971,44.45700035095215,944546.0
04/30/2026,44.0,45.56999969482422,43.18000030517578,44.59999847412109,1131800,0.0,0.0,-,46.90050009727478,42.08480010986328,41.46650009155273,44.24600028991699,968122.0
04/29/2026,44.540000915527344,45.1349983215332,43.36000061035156,43.9900016784668,901800,0.0,0.0,-,46.90640009880066,42.00400016784668,41.16100025177002,44.07800025939942,965734.0
04/28/2026,44.970001220703125,45.9900016784668,44.400001525878906,44.7400016784668,1012300,0.0,0.0,-,46.9261000919342,41.90800010681152,40.88950023651123,43.82600021362305,981120.0
04/27/2026,43.95000076293945,45.54999923706055,43.95000076293945,45.02999877929688,608400,0.0,0.0,-,46.940600080490114,41.79200004577637,40.491000175476074,43.22999992370605,1014190.0
04/24/2026,43.369998931884766,44.380001068115234,43.02999877929688,44.290000915527344,431000,0.0,0.0,-,46.93615008354187,41.68080009460449,40.05200023651123,42.510000228881836,1081298.0
04/23/2026,43.91999816894531,44.15999984741211,42.310001373291016,43.2400016784668,517900,0.0,0.0,-,46.93880007743835,41.57020004272461,39.84650020599365,41.62200012207031,1190018.0
04/22/2026,45.0099983215332,45.18999862670898,44.17499923706055,44.7599983215332,358300,0.0,0.0,-,46.93815007209778,41.366399993896486,39.69400005340576,40.895999908447266,1240050.0
04/21/2026,44.15999984741211,45.65999984741211,43.380001068115234,44.560001373291016,996600,0.0,0.0,-,46.92970007896423,41.11440002441406,39.50150012969971,40.24900016784668,1254200.0
04/20/2026,42.86000061035156,43.93000030517578,42.86000061035156,43.93000030517578,561500,0.0,0.0,-,46.94005007743836,40.84659999847412,39.37900009155273,39.59500007629394,1260916.0
04/17/2026,43.900001525878906,44.41999816894531,42.79999923706055,43.31999969482422,483200,0.0,0.0,-,46.94345007896423,40.603800010681155,39.30650005340576,39.12099990844727,1274310.0
04/16/2026,41.810001373291016,43.150001525878906,41.59999847412109,42.91999816894531,783300,0.0,0.0,-,46.95340008735657,40.40240001678467,39.36599998474121,38.68699989318848,1295088.0
04/15/2026,39.13999938964844,41.52000045776367,39.0,41.470001220703125,763800,0.0,0.0,-,46.997550096511844,40.20540004730225,39.43900012969971,38.24400024414062,1309500.0
04/14/2026,38.61000061035156,40.38999938964844,38.27000045776367,38.77999877929688,1050800,0.0,0.0,-,47.02275008201599,40.08060001373291,39.57100009918213,37.95300025939942,1310688.0
04/13/2026,35.31999969482422,38.2400016784668,35.29999923706055,37.83000183105469,758000,0.0,0.0,-,47.05365008354187,40.00300006866455,39.79850025177002,37.752000427246095,1314722.0
04/10/2026,35.880001068115234,36.060001373291016,34.63999938964844,35.40999984741211,980200,0.0,0.0,-,47.08715006828308,39.97080005645752,40.15700016021729,37.594000244140624,1335732.0
04/09/2026,38.0,38.13999938964844,35.86000061035156,35.97999954223633,810800,0.0,0.0,-,47.144700059890745,40.01560009002686,40.609500122070315,38.071000289916995,1334388.0
04/08/2026,38.845001220703125,39.70000076293945,38.040000915527344,38.290000915527344,479200,0.0,0.0,-,47.18325005531311,40.104000129699706,41.08250007629395,38.49200019836426,1332660.0
04/07/2026,39.0,39.400001525878906,37.970001220703125,38.02000045776367,495000,0.0,0.0,-,47.20215004920959,40.16940013885498,41.46650009155273,38.75400009155273,1340426.0
04/06/2026,39.0,39.810001373291016,38.630001068115234,39.18999862670898,489600,0.0,0.0,-,47.210700044631956,40.26020015716553,41.86500015258789,39.16300010681152,1348326.0
04/02/2026,37.630001068115234,39.310001373291016,37.060001373291016,38.97999954223633,475900,0.0,0.0,-,47.204750051498415,40.311800193786624,42.212500190734865,39.49200019836426,1351844.0
04/01/2026,39.0,39.19499969482422,37.79999923706055,38.4900016784668,491900,0.0,0.0,-,47.190900049209596,40.36260021209717,42.555500221252444,40.045000076293945,1357338.0
03/31/2026,37.75,39.290000915527344,37.02000045776367,38.560001373291016,1248200,0.0,0.0,-,47.172700033187866,40.42520015716553,42.916500091552734,40.63400001525879,1361202.0
03/30/2026,36.5,37.470001220703125,35.400001525878906,36.77000045776367,890100,0.0,0.0,-,47.15500002861023,40.520600166320804,43.20650005340576,41.18899993896484,1351172.0
03/27/2026,40.0,40.06499862670898,36.09000015258789,36.25,1477000,0.0,0.0,-,47.146950025558475,40.66040012359619,43.611000061035156,41.84500007629394,1356330.0
03/26/2026,39.97999954223633,41.41999816894531,39.81999969482422,40.18000030517578,584300,0.0,0.0,-,47.14865002632141,40.80200016021728,43.936499977111815,42.72000007629394,1342114.0
03/25/2026,41.18000030517578,41.525001525878906,38.81999969482422,40.18999862670898,759000,0.0,0.0,-,47.13775002479553,40.94100017547608,44.11099987030029,43.147999954223636,1342714.0
03/24/2026,41.900001525878906,42.02000045776367,40.40999984741211,40.90999984741211,445100,0.0,0.0,-,47.13125002861023,41.106600227355955,44.13400001525879,43.672999954223634,1341086.0
03/23/2026,42.400001525878906,42.869998931884766,40.59999847412109,42.11000061035156,740900,0.0,0.0,-,47.11920002937317,41.24680019378662,44.094000053405765,44.17900009155274,1349400.0
03/20/2026,44.310001373291016,44.310001373291016,42.41999816894531,42.47999954223633,783800,0.0,0.0,-,47.108700017929074,41.392800178527835,43.91100006103515,44.567000198364255,1352088.0
03/19/2026,44.04999923706055,45.209999084472656,44.04999923706055,44.5099983215332,798500,0.0,0.0,-,47.098000020980834,41.52600017547607,43.85250015258789,44.93300018310547,1348380.0
03/18/2026,44.0,44.63999938964844,42.959999084472656,44.380001068115234,779500,0.0,0.0,-,47.07770003318787,41.61240024566651,43.7230001449585,45.066000366210936,1349790.0
03/17/2026,43.619998931884766,44.400001525878906,43.310001373291016,44.11000061035156,1253700,0.0,0.0,-,47.05000002861023,41.662400245666504,43.53200016021729,45.19900016784668,1358872.0
03/16/2026,45.0,45.400001525878906,43.31999969482422,43.33000183105469,718700,0.0,0.0,-,47.02525002479553,41.69140026092529,43.28600006103515,45.22400016784668,1354834.0
03/13/2026,45.0,45.25,44.29999923706055,45.0,1078700,0.0,0.0,-,47.01360001564026,41.75380023956299,43.066499900817874,45.37700004577637,1361106.0
03/12/2026,45.2599983215332,45.7599983215332,44.43000030517578,44.459999084472656,1186600,0.0,0.0,-,46.99925002098084,41.77840023040771,42.78999996185303,45.15299987792969,1353718.0
03/11/2026,45.900001525878906,46.220001220703125,44.63800048828125,45.43999862670898,1218300,0.0,0.0,-,46.97775002479553,41.83100025177002,42.50499992370605,45.07399978637695,1338914.0
03/10/2026,46.27000045776367,46.72999954223633,45.650001525878906,45.970001220703125,1262900,0.0,0.0,-,46.93835003852844,41.87300029754638,41.88549995422363,44.59500007629394,1322276.0
03/09/2026,45.5,46.310001373291016,45.209999084472656,45.9900016784668,1500400,0.0,0.0,-,NaN,41.917600288391114,41.194999885559085,44.00900001525879,1302368.0
03/06/2026,45.310001373291016,46.15999984741211,44.22999954223633,46.13999938964844,1754700,0.0,0.0,-,NaN,41.97300022125244,40.45399980545044,43.25499992370605,1284674.0
03/05/2026,45.66999816894531,47.2400016784668,45.29999923706055,45.84000015258789,1461000,0.0,0.0,-,NaN,42.02300022125244,39.736499881744386,42.77200012207031,1265542.0
03/04/2026,45.0,46.47999954223633,44.720001220703125,45.709999084472656,1686600,0.0,0.0,-,NaN,42.051200218200684,39.10699987411499,42.37999992370605,1261992.0
03/03/2026,43.7599983215332,45.36000061035156,42.86000061035156,44.36000061035156,967600,0.0,0.0,-,NaN,42.09800022125244,38.47499990463257,41.86500015258789,1247780.0
03/02/2026,41.900001525878906,44.959999084472656,41.84000015258789,44.86000061035156,974900,0.0,0.0,-,NaN,42.17080020904541,38.01849985122681,41.34799995422363,1247264.0
02/27/2026,42.81999969482422,44.040000915527344,42.40999984741211,42.7599983215332,1389200,0.0,0.0,-,NaN,42.241800193786624,37.52049989700318,40.75599975585938,1245594.0
02/26/2026,40.95000076293945,43.68000030517578,40.20000076293945,43.66999816894531,1378600,0.0,0.0,-,NaN,42.356600227355955,37.19350004196167,40.42700004577637,1242874.0
02/25/2026,39.970001220703125,41.25,39.66999816894531,40.650001525878906,1492800,0.0,0.0,-,NaN,42.47720027923584,36.89250020980835,39.93600006103516,1233022.0
02/24/2026,38.36000061035156,40.47999954223633,37.66999816894531,40.11000061035156,1205400,0.0,0.0,-,NaN,42.660000267028806,36.88000020980835,39.17599983215332,1214884.0
02/23/2026,40.59000015258789,40.68999862670898,38.369998931884766,38.45000076293945,1553500,0.0,0.0,-,NaN,42.85160022735596,36.95250024795532,38.38099975585938,1216208.0
02/20/2026,41.97999954223633,42.959999084472656,41.26499938964844,41.310001373291016,1419800,0.0,0.0,-,NaN,43.07200023651123,37.1580002784729,37.65299968719482,1209350.0
02/19/2026,40.400001525878906,41.959999084472656,39.61000061035156,41.91999816894531,1815000,0.0,0.0,-,NaN,43.22680019378662,37.18100023269653,36.700999641418456,1244086.0
02/18/2026,39.29999923706055,40.880001068115234,39.119998931884766,40.560001373291016,1012400,0.0,0.0,-,NaN,43.38920024871826,37.16100034713745,35.83399982452393,1237274.0
02/17/2026,39.0,40.37200164794922,38.39500045776367,39.18999862670898,1671100,0.0,0.0,-,NaN,43.57120021820069,37.21400022506714,35.08499965667725,1246890.0
02/13/2026,38.4900016784668,40.869998931884766,38.4900016784668,38.93999862670898,2665800,0.0,0.0,-,NaN,43.70780025482178,37.42100038528442,34.68899974822998,1255178.0
02/12/2026,38.88999938964844,40.9900016784668,38.77999877929688,39.470001220703125,3963800,0.0,0.0,-,NaN,43.86020030975342,37.66200037002564,34.285000038146975,1227508.0
02/11/2026,38.5,39.95000076293945,34.0099983215332,38.7599983215332,5867000,0.0,0.0,-,NaN,44.03000026702881,37.85500040054321,33.96000003814697,1177732.0
02/10/2026,32.0099983215332,33.56999969482422,31.690000534057617,33.04999923706055,3019500,0.0,0.0,-,NaN,44.23300029754639,38.273500537872316,33.84900035858154,1080866.0
02/09/2026,30.809999465942383,32.22999954223633,30.07999992370605,32.15999984741211,1065800,0.0,0.0,-,NaN,44.573000297546386,39.04450063705444,34.58400058746338,1077918.0
02/06/2026,32.40999984741211,33.16400146484375,30.875,31.170000076293945,1332400,0.0,0.0,-,NaN,44.89520030975342,39.832500553131105,35.52400074005127,1079120.0
02/05/2026,33.15999984741211,34.0,31.239999771118164,31.790000915527344,1231200,0.0,0.0,-,NaN,45.2120002746582,40.74450054168701,36.663000869750974,1086878.0
02/04/2026,33.06999969482422,34.66999816894531,31.3799991607666,33.25,1522100,0.0,0.0,-,NaN,45.49600028991699,41.612000465393066,37.66100082397461,1103486.0
02/03/2026,36.45000076293945,36.45000076293945,32.27000045776367,33.06999969482422,1503900,0.0,0.0,-,NaN,45.73820030212402,42.3910005569458,38.48800086975098,1130100.0
02/02/2026,35.0099983215332,35.529998779296875,34.59600067138672,35.22999954223633,823200,0.0,0.0,-,NaN,45.95880027770996,43.08150062561035,39.34300079345703,1211856.0
01/30/2026,36.09999847412109,36.7400016784668,34.150001525878906,34.900001525878906,1252500,0.0,0.0,-,NaN,46.06660026550293,43.59800071716309,40.15300102233887,1351414.0
01/29/2026,37.5,37.53499984741211,34.310001373291016,36.220001220703125,1808500,0.0,0.0,-,NaN,46.18540023803711,44.17550067901611,41.0390007019043,1372178.0
01/28/2026,40.34000015258789,40.34000015258789,37.5,37.650001525878906,913000,0.0,0.0,-,NaN,46.2802001953125,44.67600059509277,41.75000076293945,1373230.0
01/27/2026,41.18999862670898,41.220001220703125,39.619998931884766,40.400001525878906,724400,0.0,0.0,-,NaN,46.36220016479492,45.14800052642822,42.69800071716308,1388686.0
01/26/2026,42.58000183105469,42.970001220703125,41.150001525878906,41.560001373291016,867500,0.0,0.0,-,NaN,46.400800170898435,45.50500049591064,43.50500068664551,1419842.0
01/23/2026,42.81999969482422,43.61000061035156,41.54999923706055,42.560001373291016,890000,0.0,0.0,-,NaN,46.455800170898435,45.83700046539307,44.14100036621094,1414124.0
01/22/2026,41.93000030517578,43.09999847412109,41.560001373291016,41.77000045776367,665500,0.0,0.0,-,NaN,46.49060012817383,46.147000312805176,44.82600021362305,1411662.0
01/21/2026,41.459999084472656,41.970001220703125,40.54999923706055,41.52000045776367,750600,0.0,0.0,-,NaN,46.54500015258789,46.49050025939941,45.56300010681152,1421384.0
01/20/2026,42.25,42.53499984741211,41.310001373291016,41.619998931884766,685100,0.0,0.0,-,NaN,46.595400161743164,46.77700023651123,46.294000244140626,1458864.0
01/16/2026,43.75,44.07500076293945,42.81999969482422,43.33000183105469,746700,0.0,0.0,-,NaN,46.67080017089844,47.09850025177002,46.82000045776367,1568786.0
01/15/2026,43.65999984741211,44.61000061035156,42.619998931884766,43.7599983215332,1148000,0.0,0.0,-,NaN,46.873000106811524,47.332000160217284,47.04300041198731,1627840.0
01/14/2026,47.02000045776367,47.27000045776367,43.0099983215332,43.33000183105469,766200,0.0,0.0,-,NaN,47.00460014343262,47.56450023651123,47.31200065612793,1634098.0
01/13/2026,48.72999954223633,48.9900016784668,46.15999984741211,47.130001068115234,614300,0.0,0.0,-,NaN,47.133200073242186,47.8230001449585,47.6020004272461,1642608.0
01/12/2026,48.86000061035156,48.86000061035156,46.05899810791016,48.470001220703125,677600,0.0,0.0,-,NaN,47.16380004882812,47.95150012969971,47.59800033569336,1652556.0
01/09/2026,50.36000061035156,50.36000061035156,47.900001525878906,47.91999816894531,860800,0.0,0.0,-,NaN,47.18639999389649,48.01750011444092,47.505000305175784,1655882.0
01/08/2026,48.97999954223633,51.150001525878906,48.88999938964844,49.40999984741211,875300,0.0,0.0,-,NaN,47.24740005493164,48.106000137329104,47.5330005645752,1653922.0
01/07/2026,49.0,50.15999984741211,48.47999954223633,49.13999938964844,598400,0.0,0.0,-,NaN,47.256600036621094,48.10900020599365,47.468000411987305,1647996.0
01/06/2026,47.22999954223633,49.18000030517578,47.22999954223633,48.83000183105469,869000,0.0,0.0,-,NaN,47.26580001831055,48.104500198364256,47.41800041198731,1664224.0
01/05/2026,45.90999984741211,47.040000915527344,45.709999084472656,46.880001068115234,1233600,0.0,0.0,-,NaN,47.280199966430665,48.16500015258789,47.260000228881836,1664804.0
01/02/2026,46.43999862670898,46.84999847412109,45.290000915527344,45.560001373291016,1051800,0.0,0.0,-,NaN,47.31979995727539,48.30400009155274,47.37700004577637,1657758.0
12/31/2025,46.220001220703125,46.68999862670898,45.77000045776367,46.45000076293945,1032300,0.0,0.0,-,NaN,47.40339996337891,48.327000045776366,47.62099990844727,1649586.0
12/30/2025,46.79999923706055,47.36600112915039,46.02000045776367,46.22999954223633,709300,0.0,0.0,-,NaN,47.499999923706056,48.33250007629395,47.81699981689453,1641710.0
12/29/2025,47.27999877929688,47.63999938964844,46.61000061035156,47.09000015258789,446400,0.0,0.0,-,NaN,47.560999908447265,48.41900005340576,48.0439998626709,1641002.0
12/26/2025,48.20000076293945,48.334999084472656,47.470001220703125,47.540000915527344,386400,0.0,0.0,-,NaN,47.63399993896484,48.51000003814697,48.304999923706056,1642206.0
12/24/2025,48.619998931884766,49.18000030517578,48.09000015258789,48.20000076293945,267500,0.0,0.0,-,NaN,47.69139991760254,48.63549995422363,48.52999992370606,1642864.0
12/23/2025,47.61000061035156,49.02999877929688,47.47999954223633,48.7599983215332,615700,0.0,0.0,-,NaN,47.73619987487793,48.638999938964844,48.678999710083005,1645062.0
12/22/2025,47.66999816894531,48.7400016784668,47.25,48.63999938964844,798100,0.0,0.0,-,NaN,47.768999938964846,48.551499938964845,48.75,1638660.0
12/19/2025,48.119998931884766,49.0,47.09000015258789,47.25,1283500,0.0,0.0,-,NaN,47.79199996948242,48.41900005340576,48.79099998474121,1638004.0
12/18/2025,48.79999923706055,49.22999954223633,47.95000076293945,48.04999923706055,976000,0.0,0.0,-,NaN,47.854199981689455,48.32450008392334,49.070000076293944,1624070.0
12/17/2025,48.220001220703125,48.93000030517578,47.63999938964844,48.0,941800,0.0,0.0,-,NaN,47.969400024414064,48.12700004577637,49.231000137329104,1615278.0
12/16/2025,48.34000015258789,49.52999877929688,47.9109992980957,48.40999984741211,891400,0.0,0.0,-,NaN,48.032600021362306,47.75799999237061,49.03300018310547,1608024.0
12/15/2025,49.86000061035156,49.86000061035156,47.97999954223633,48.5,1253200,0.0,0.0,-,NaN,48.098000030517575,47.379500007629396,48.84800033569336,1603762.0
12/12/2025,49.720001220703125,50.290000915527344,49.290000915527344,49.70000076293945,886000,0.0,0.0,-,NaN,48.153800048828124,47.002499961853026,48.794000244140626,1593166.0
12/11/2025,49.5,50.165000915527344,48.915000915527344,49.790000915527344,585900,0.0,0.0,-,NaN,48.21620002746582,46.60499992370605,48.71500015258789,1599920.0
12/10/2025,49.040000915527344,50.25,48.90999984741211,49.68999862670898,1271600,0.0,0.0,-,NaN,48.19540000915527,46.23199996948242,48.74099998474121,1610918.0
12/09/2025,49.9900016784668,50.08000183105469,48.75,49.470001220703125,1210600,0.0,0.0,-,NaN,48.18320007324219,45.96300010681152,48.59900016784668,1608662.0
12/08/2025,50.5099983215332,50.880001068115234,48.959999084472656,49.04999923706055,3156600,0.0,0.0,-,NaN,48.1916000366211,45.70450000762939,48.35299987792969,1611508.0
12/05/2025,50.0,50.5,49.209999084472656,50.040000915527344,1474400,0.0,0.0,-,NaN,48.179800033569336,45.47650012969971,48.047000122070315,1572824.0
12/04/2025,45.970001220703125,49.880001068115234,45.52000045776367,49.65999984741211,1493200,0.0,0.0,-,NaN,48.20400001525879,45.176500129699704,47.579000091552736,1604804.0
12/03/2025,46.959999084472656,48.18000030517578,45.65499877929688,46.02000045776367,2085500,0.0,0.0,-,NaN,48.29540000915527,44.96300010681152,47.02299995422363,1620596.0
12/02/2025,48.52000045776367,49.09000015258789,46.5099983215332,46.560001373291016,1282300,0.0,0.0,-,NaN,48.56779998779297,45.33400001525879,46.48299980163574,1615770.0
12/01/2025,48.709999084472656,49.47999954223633,47.86000061035156,47.959999084472656,1475000,0.0,0.0,-,NaN,48.7933999633789,45.522999954223636,45.91099967956543,1611754.0
11/28/2025,49.02999877929688,50.52999877929688,48.71500015258789,48.90999984741211,1023700,0.0,0.0,-,NaN,48.9723999786377,45.61299991607666,45.21099967956543,1635602.0
11/26/2025,48.5,51.34999847412109,48.27000045776367,50.04999923706055,2872100,0.0,0.0,-,NaN,49.13239997863769,45.60049991607666,44.494999694824216,1647428.0
11/25/2025,46.77999877929688,48.36000061035156,46.25,48.27000045776367,1125900,0.0,0.0,-,NaN,49.26620002746582,45.577999877929685,43.72299995422363,1622928.0
11/24/2025,46.59999847412109,47.5,46.40499877929688,47.0099983215332,1720300,0.0,0.0,-,NaN,49.47819999694824,45.71299991607666,43.327000045776366,1620470.0
11/21/2025,45.43999862670898,46.244998931884766,43.81499862670898,45.9900016784668,2061600,0.0,0.0,-,NaN,49.69940002441406,45.85599994659424,43.0560001373291,1604522.0
11/20/2025,44.77999877929688,47.150001525878906,44.76499938964844,45.36000061035156,2852800,0.0,0.0,-,NaN,49.93220001220703,46.03649978637695,42.9060001373291,1590002.0
11/19/2025,41.0,44.630001068115234,40.391998291015625,44.09999847412109,5591700,0.0,0.0,-,NaN,50.22459999084472,46.2459997177124,42.77400016784668,1564470.0
11/18/2025,40.125,41.0,39.18999862670898,40.619998931884766,7801100,0.0,0.0,-,NaN,50.465800018310546,46.48399982452393,42.90300025939941,1472038.0
11/17/2025,40.54999923706055,41.619998931884766,40.06999969482422,40.84000015258789,2290700,0.0,0.0,-,NaN,50.79960006713867,46.939999961853026,44.18500022888183,1340222.0
11/14/2025,41.0,42.11000061035156,40.20000076293945,40.959999084472656,1861100,0.0,0.0,-,NaN,51.122200088500975,47.46199989318848,45.135000228881836,1320734.0
11/13/2025,42.38999938964844,42.5,40.45500183105469,41.75,1685800,0.0,0.0,-,NaN,51.40440010070801,47.87799987792969,46.01500015258789,1299118.0
11/12/2025,46.59999847412109,46.75,41.900001525878906,42.33000183105469,2282200,0.0,0.0,-,NaN,51.68960006713867,48.32749996185303,46.7060001373291,1284674.0
11/11/2025,44.84000015258789,45.08000183105469,43.7400016784668,44.310001373291016,581600,0.0,0.0,-,NaN,51.99180000305176,48.7314998626709,47.432999801635745,1257488.0
11/10/2025,45.209999084472656,45.36000061035156,43.5,44.29999923706055,766900,0.0,0.0,-,NaN,52.21919998168946,49.0379997253418,48.09899978637695,1259046.0
11/07/2025,44.040000915527344,45.09999847412109,42.59999847412109,44.4900016784668,1151600,0.0,0.0,-,NaN,52.454800033569335,49.34299983978271,48.655999755859376,1253298.0
11/06/2025,44.209999084472656,46.720001220703125,43.31499862670898,44.040000915527344,2624600,0.0,0.0,-,NaN,52.71959999084473,49.60799980163574,49.166999435424806,1237716.0
11/05/2025,47.86000061035156,49.5,44.150001525878906,45.38999938964844,6181200,0.0,0.0,-,NaN,52.994199981689455,49.92399978637695,49.71799926757812,1202144.0
11/04/2025,49.0,53.79999923706055,48.0,53.43999862670898,3699400,0.0,0.0,-,NaN,53.189199981689455,50.34499988555908,50.064999389648435,1092310.0
11/03/2025,49.81999969482422,51.119998931884766,49.17499923706055,50.34000015258789,1460900,0.0,0.0,-,NaN,53.221800003051754,50.23099994659424,49.69499969482422,1028182.0
10/31/2025,48.0,50.34999847412109,47.52999877929688,49.7599983215332,1191700,0.0,0.0,-,NaN,53.366399993896486,50.297999954223634,49.78899955749512,1014430.0
10/30/2025,48.790000915527344,49.56999969482422,47.0,48.65999984741211,1111700,0.0,0.0,-,NaN,53.49120002746582,50.37450008392334,49.74099960327148,1001506.0
10/29/2025,51.0099983215332,51.0099983215332,48.66999816894531,49.59999847412109,843900,0.0,0.0,-,NaN,53.662800064086916,50.58250007629395,49.94899978637695,993356.0
10/28/2025,49.540000915527344,51.209999084472656,49.084999084472656,50.970001220703125,762800,0.0,0.0,-,NaN,53.79220008850098,50.54000015258789,50.02999992370606,1014536.0
10/27/2025,50.15999984741211,50.880001068115234,49.20000076293945,49.869998931884766,579000,0.0,0.0,-,NaN,53.95340003967285,50.445500183105466,49.97699966430664,1014934.0
10/24/2025,49.25,50.54499816894531,48.209999084472656,49.59999847412109,1409800,0.0,0.0,-,NaN,54.13740005493164,50.44650020599365,50.02999992370606,1017612.0
10/23/2025,48.7599983215332,50.0,48.2400016784668,49.54999923706055,898000,0.0,0.0,-,NaN,54.2892000579834,50.38950023651123,50.04900016784668,998380.0
10/22/2025,49.06999969482422,49.51900100708008,47.38999938964844,48.86000061035156,881300,0.0,0.0,-,NaN,54.459200057983395,50.474500274658205,50.130000305175784,992316.0
10/21/2025,51.27999877929688,51.900001525878906,49.68999862670898,49.7400016784668,643200,0.0,0.0,-,NaN,54.6018000793457,50.743000221252444,50.625000381469725,985138.0
10/20/2025,49.93999862670898,51.75,49.345001220703125,51.27999877929688,638500,0.0,0.0,-,NaN,54.72140007019043,51.238000106811526,50.76700019836426,984512.0
10/17/2025,49.7400016784668,50.150001525878906,48.130001068115234,49.27999877929688,673900,0.0,0.0,-,NaN,54.82940010070801,51.56600017547608,50.80700035095215,997658.0
10/16/2025,50.86000061035156,51.9900016784668,49.970001220703125,50.7400016784668,506600,0.0,0.0,-,NaN,55.05080009460449,51.947500228881836,51.0080005645752,1001538.0
10/15/2025,51.310001373291016,52.51499938964844,50.31999969482422,50.40999984741211,419300,0.0,0.0,-,NaN,55.24700004577637,52.2560001373291,51.216000366210935,1051072.0
10/14/2025,50.52000045776367,51.0099983215332,48.77999877929688,50.43999862670898,377400,0.0,0.0,-,NaN,55.203200073242186,52.572500228881836,51.05000038146973,1076174.0
10/13/2025,50.630001068115234,50.790000915527344,49.369998931884766,50.400001525878906,295600,0.0,0.0,-,NaN,55.15880012512207,52.99400024414062,50.9140007019043,1084816.0
10/10/2025,50.5,50.90999984741211,49.290000915527344,49.790000915527344,765300,0.0,0.0,-,NaN,55.049800109863284,53.37750015258789,50.86300048828125,1090328.0
10/09/2025,54.0,54.290000915527344,50.290000915527344,50.36000061035156,586800,0.0,0.0,-,NaN,54.95300010681152,53.769500160217284,50.73000030517578,1085680.0
10/08/2025,51.93999862670898,54.400001525878906,51.15999984741211,53.810001373291016,536400,0.0,0.0,-,NaN,54.84640007019043,54.25050010681152,50.819000244140625,1080372.0
10/07/2025,52.380001068115234,52.625,50.435001373291016,51.15999984741211,579100,0.0,0.0,-,NaN,54.64240005493164,54.36800003051758,50.861000061035156,1082454.0
10/06/2025,51.72999954223633,52.22999954223633,50.540000915527344,51.68000030517578,678300,0.0,0.0,-,NaN,54.52540008544922,54.675500106811526,51.70900001525879,1076600.0
10/03/2025,52.63999938964844,53.20000076293945,50.900001525878906,51.290000915527344,723400,0.0,0.0,-,NaN,54.40720008850098,54.94000015258789,52.325,1068746.0
10/02/2025,49.220001220703125,52.880001068115234,48.380001068115234,52.81999969482422,1223700,0.0,0.0,-,NaN,54.301000061035154,55.12900009155273,52.886999893188474,1059364.0
10/01/2025,49.5,49.75,47.90999984741211,48.75,1135800,0.0,0.0,-,NaN,54.18560005187988,55.288500022888186,53.295999908447264,1039866.0
09/30/2025,50.16999816894531,50.34999847412109,48.59999847412109,49.08000183105469,1158800,0.0,0.0,-,NaN,54.1442000579834,55.72299995422363,54.09500007629394,1027236.0
09/29/2025,49.0,50.72999954223633,48.66999816894531,49.88999938964844,1352900,0.0,0.0,-,NaN,54.107799987792966,56.052999877929686,55.07399978637695,1020030.0
09/26/2025,51.47999954223633,51.9900016784668,48.380001068115234,48.459999084472656,1222400,0.0,0.0,-,NaN,54.049199981689455,56.3625,55.89199981689453,1000262.0
09/25/2025,51.63999938964844,53.59999847412109,49.5099983215332,51.25,3073400,0.0,0.0,-,NaN,54.01,56.82600002288818,56.80900001525879,985950.0
09/24/2025,59.08000183105469,59.9370002746582,53.630001068115234,54.22999954223633,2282800,0.0,0.0,-,NaN,53.92400001525879,57.15200004577637,57.68199996948242,932936.0
09/23/2025,58.43999862670898,61.88999938964844,58.43999862670898,59.63999938964844,1844200,0.0,0.0,-,NaN,53.755,57.19750003814697,57.875,902826.0
09/22/2025,56.08000183105469,57.84000015258789,55.45000076293945,57.84000015258789,1081500,0.0,0.0,-,NaN,53.520800018310545,56.969000053405765,57.64200019836426,882558.0
09/19/2025,56.25,57.71500015258789,55.749000549316406,56.90999984741211,2667400,0.0,0.0,-,NaN,53.31680000305176,56.95550003051758,57.55500030517578,891994.0
09/18/2025,56.59999847412109,58.119998931884766,56.02999877929688,56.90999984741211,1615000,0.0,0.0,-,NaN,53.06139999389649,56.910000038146975,57.37100028991699,850358.0
09/17/2025,58.25,59.66999816894531,55.61000061035156,56.7400016784668,1647100,0.0,0.0,-,NaN,52.81959999084473,56.926500129699704,57.2810001373291,828906.0
09/16/2025,57.310001373291016,59.2400016784668,57.11000061035156,58.869998931884766,1003000,0.0,0.0,-,NaN,52.54699996948242,56.89300003051758,57.35099983215332,806074.0
09/15/2025,57.0,58.47999954223633,56.61000061035156,58.06999969482422,922900,0.0,0.0,-,NaN,52.23099998474121,56.901000022888184,57.03199996948242,810832.0
09/12/2025,59.2400016784668,60.0099983215332,56.77000045776367,57.630001068115234,1335600,0.0,0.0,-,NaN,52.002200012207034,56.95100002288818,56.83300018310547,805020.0
09/11/2025,56.15999984741211,60.20000076293945,55.130001068115234,59.97999954223633,1576200,0.0,0.0,-,NaN,51.74180000305176,56.92899990081787,56.84300003051758,806088.0
09/10/2025,56.5,57.81999969482422,55.130001068115234,56.15999984741211,970100,0.0,0.0,-,NaN,51.448400039672855,56.83249988555908,56.62200012207031,823394.0
09/09/2025,55.5,58.25,55.0,57.310001373291016,1210300,0.0,0.0,-,NaN,51.36020004272461,56.82399997711182,56.52000007629395,858714.0
09/08/2025,54.34999847412109,56.970001220703125,54.34999847412109,56.970001220703125,1316300,0.0,0.0,-,NaN,51.144199981689454,56.74449996948242,56.295999908447264,860422.0
09/05/2025,54.97999954223633,56.35100173950195,54.08000183105469,55.06999969482422,780300,0.0,0.0,-,NaN,50.903999938964844,56.72999992370605,56.35599975585937,856872.0
09/04/2025,56.5,57.0,54.29999923706055,56.0099983215332,963600,0.0,0.0,-,NaN,50.693199920654294,56.9939998626709,56.44899978637695,865552.0
09/03/2025,54.7400016784668,57.54499816894531,54.400001525878906,57.43999862670898,922900,0.0,0.0,-,NaN,50.51139991760254,57.22099990844727,56.572000122070314,885038.0
09/02/2025,54.75,56.1349983215332,53.5,55.68000030517578,659500,0.0,0.0,-,NaN,50.23639991760254,56.76000003814697,56.43500022888183,900964.0
08/29/2025,56.400001525878906,57.560001373291016,55.5,56.08000183105469,479500,0.0,0.0,-,NaN,49.96419990539551,56.38700008392334,56.77000007629395,909898.0
08/28/2025,56.9900016784668,57.95000076293945,55.0,57.72999954223633,372500,0.0,0.0,-,NaN,49.63719985961914,55.83050003051758,57.0689998626709,915736.0
08/27/2025,55.02000045776367,58.0,54.6349983215332,57.77000045776367,846000,0.0,0.0,-,NaN,49.24259986877441,55.19150009155273,57.01499977111816,924812.0
08/26/2025,55.0,55.959999084472656,53.970001220703125,55.13999938964844,689500,0.0,0.0,-,NaN,48.81139984130859,54.55450000762939,57.04299964904785,923974.0
08/25/2025,57.0,57.06999969482422,54.810001373291016,55.06999969482422,493000,0.0,0.0,-,NaN,48.40559982299805,53.97800006866455,57.12799987792969,916420.0
08/22/2025,55.7599983215332,58.11000061035156,55.22999954223633,57.56999969482422,773300,0.0,0.0,-,NaN,48.00459983825684,53.49000015258789,57.19300003051758,917388.0
08/21/2025,56.880001068115234,57.77000045776367,55.91999816894531,56.0,545500,0.0,0.0,-,NaN,47.5563998413086,52.900000190734865,57.104000091552734,913268.0
08/20/2025,55.709999084472656,57.41999816894531,54.36399841308594,57.2400016784668,704200,0.0,0.0,-,NaN,47.16819984436035,52.39900016784668,57.53899993896484,912856.0
08/19/2025,52.0,56.93999862670898,50.290000915527344,56.06999969482422,1902900,0.0,0.0,-,NaN,46.78339981079102,51.889500045776366,57.869999694824216,904702.0
08/18/2025,59.34000015258789,62.18000030517578,59.0,59.02999877929688,782700,0.0,0.0,-,NaN,46.4397998046875,51.420000076293945,57.08499984741211,878596.0
08/15/2025,58.06999969482422,60.5,57.25,59.06999969482422,712900,0.0,0.0,-,NaN,46.029199829101564,50.83150005340576,56.00400009155273,871064.0
08/14/2025,57.54999923706055,59.09000015258789,56.2400016784668,57.18999862670898,448200,0.0,0.0,-,NaN,45.64799980163574,50.226000022888186,54.59200019836426,862404.0
08/13/2025,56.29999923706055,59.150001525878906,55.84999847412109,58.04999923706055,594800,0.0,0.0,-,NaN,45.31099983215332,49.69150009155273,53.3680004119873,860890.0
08/12/2025,55.560001373291016,56.290000915527344,54.012001037597656,55.9900016784668,522400,0.0,0.0,-,NaN,44.9589998626709,49.13650016784668,52.066000366210936,859086.0
08/11/2025,56.630001068115234,58.34000015258789,54.5099983215332,55.720001220703125,611900,0.0,0.0,-,NaN,44.61599983215332,48.626000022888185,50.82800025939942,861318.0
08/08/2025,60.31999969482422,60.63999938964844,55.04999923706055,56.68000030517578,1295800,0.0,0.0,-,NaN,44.2847998046875,48.23649997711182,49.787000274658205,887124.0
08/07/2025,60.41999816894531,60.96699905395508,57.68000030517578,60.34999847412109,867900,0.0,0.0,-,NaN,43.97119979858398,47.784499931335446,48.696000289916995,873390.0
08/06/2025,54.845001220703125,62.0,52.25,60.54999923706055,2983300,0.0,0.0,-,NaN,43.606799850463865,46.97399997711182,47.25900039672852,894256.0
08/05/2025,48.18999862670898,49.45000076293945,46.02999877929688,48.220001220703125,1674400,0.0,0.0,-,NaN,43.198999862670895,46.18750000000001,45.909000396728516,891028.0
08/04/2025,45.81999969482422,48.61000061035156,45.560001373291016,48.220001220703125,809500,0.0,0.0,-,NaN,42.985799865722655,45.931999969482426,45.755000305175784,1040996.0
08/01/2025,43.34999847412109,45.900001525878906,42.560001373291016,44.95000076293945,571200,0.0,0.0,-,NaN,NaN,45.67449989318848,45.65900001525879,NaN
07/31/2025,44.13999938964844,46.52000045776367,43.75,44.95000076293945,532900,0.0,0.0,-,NaN,NaN,45.75849990844727,45.85999984741211,NaN
07/30/2025,43.5099983215332,45.790000915527344,43.5099983215332,45.02999877929688,321400,0.0,0.0,-,NaN,NaN,45.74149990081788,46.01499977111816,NaN
07/29/2025,44.75,45.52999877929688,42.27000045776367,43.61000061035156,640500,0.0,0.0,-,NaN,NaN,45.75550003051758,46.206999969482425,NaN
07/28/2025,45.290000915527344,47.0,44.75,45.310001373291016,286400,0.0,0.0,-,NaN,NaN,46.1625,46.42399978637695,NaN
07/25/2025,45.959999084472656,46.15999984741211,44.75,45.77000045776367,285600,0.0,0.0,-,NaN,NaN,46.22249984741211,46.68599967956543,NaN
07/24/2025,46.66999816894531,47.09999847412109,45.63999938964844,45.97999954223633,254300,0.0,0.0,-,NaN,NaN,46.18199977874756,46.872999572753905,NaN
07/23/2025,46.84000015258789,47.25,45.59000015258789,47.04999923706055,248800,0.0,0.0,-,NaN,NaN,46.10949974060058,46.688999557495116,NaN
07/22/2025,46.7400016784668,46.77000045776367,44.5,46.68000030517578,504300,0.0,0.0,-,NaN,NaN,46.102999687194824,46.465999603271484,NaN
07/21/2025,47.54999923706055,51.380001068115234,46.630001068115234,47.2599983215332,798500,0.0,0.0,-,NaN,NaN,45.95349960327148,46.10899963378906,NaN
07/18/2025,46.959999084472656,48.709999084472656,46.5,46.959999084472656,364500,0.0,0.0,-,NaN,NaN,45.693999671936034,45.68999977111817,NaN
07/17/2025,46.47999954223633,47.709999084472656,45.79999923706055,46.5,506800,0.0,0.0,-,NaN,NaN,45.33249969482422,45.65699996948242,NaN
07/16/2025,45.54999923706055,46.97999954223633,44.27999877929688,46.95000076293945,422700,0.0,0.0,-,NaN,NaN,44.90749969482422,45.46800003051758,NaN
07/15/2025,48.060001373291016,48.81999969482422,45.36000061035156,45.77999877929688,777300,0.0,0.0,-,NaN,NaN,44.37049961090088,45.30400009155274,NaN
07/14/2025,48.13999938964844,50.525001525878906,47.709999084472656,47.93000030517578,830800,0.0,0.0,-,NaN,NaN,43.82399959564209,45.90100021362305,NaN
07/11/2025,47.0,48.84999847412109,45.0099983215332,47.63999938964844,1553300,0.0,0.0,-,NaN,NaN,43.17849960327148,45.75900001525879,NaN
07/10/2025,44.790000915527344,45.0,43.76300048828125,44.13999938964844,585600,0.0,0.0,-,NaN,NaN,42.55449962615967,45.49099998474121,NaN
07/09/2025,43.5,45.29999923706055,43.0,44.81999969482422,542400,0.0,0.0,-,NaN,NaN,42.17699966430664,45.52999992370606,NaN
07/08/2025,43.380001068115234,43.65999984741211,41.69499969482422,43.11000061035156,505500,0.0,0.0,-,NaN,NaN,41.83599967956543,45.739999771118164,NaN
07/07/2025,46.130001068115234,46.21500015258789,41.119998931884766,43.06999969482422,1240900,0.0,0.0,-,NaN,NaN,41.624999618530275,45.79799957275391,NaN
07/03/2025,44.79999923706055,46.744998931884766,43.54999923706055,46.630001068115234,632300,0.0,0.0,-,NaN,NaN,41.39649963378906,45.69799957275391,NaN
07/02/2025,45.11000061035156,45.79999923706055,43.25,44.61000061035156,1389000,0.0,0.0,-,NaN,NaN,41.065499496459964,45.007999420166016,NaN
07/01/2025,51.0,51.560001373291016,45.06999969482422,45.310001373291016,2441500,0.0,0.0,-,NaN,NaN,40.85199947357178,44.34699935913086,NaN
06/30/2025,48.84000015258789,52.15999984741211,47.65999984741211,51.75,2736100,0.0,0.0,-,NaN,NaN,40.6089994430542,43.43699913024902,NaN
06/27/2025,44.90999984741211,48.22600173950195,43.33000183105469,46.5099983215332,1295700,0.0,0.0,-,NaN,NaN,39.96349945068359,41.746998977661136,NaN
06/26/2025,44.47999954223633,45.150001525878906,41.95000076293945,44.959999084472656,1138800,0.0,0.0,-,NaN,NaN,39.595999526977536,40.59799919128418,NaN
06/25/2025,47.0,47.334999084472656,43.45000076293945,44.52999877929688,1214300,0.0,0.0,-,NaN,NaN,39.3979995727539,39.61799926757813,NaN
06/24/2025,44.84000015258789,48.84999847412109,44.75,46.91999816894531,1937900,0.0,0.0,-,NaN,NaN,39.27799968719482,38.82399940490723,NaN
06/23/2025,43.0,45.97999954223633,41.29800033569336,43.68999862670898,1719200,0.0,0.0,-,NaN,NaN,38.93999977111817,37.931999588012694,NaN
06/20/2025,40.400001525878906,43.43000030517578,40.0,42.06999969482422,1106200,0.0,0.0,-,NaN,NaN,38.63349990844726,37.45199966430664,NaN
06/18/2025,38.66999816894531,40.15999984741211,37.507999420166016,39.72999954223633,771400,0.0,0.0,-,NaN,NaN,NaN,37.09499969482422,NaN
06/17/2025,35.880001068115234,39.0,35.810001373291016,38.0,826300,0.0,0.0,-,NaN,NaN,NaN,37.122999572753905,NaN
06/16/2025,36.400001525878906,37.29999923706055,35.540000915527344,36.209999084472656,804100,0.0,0.0,-,NaN,NaN,NaN,37.3569995880127,NaN
06/13/2025,34.380001068115234,36.369998931884766,33.619998931884766,34.849998474121094,311800,0.0,0.0,-,NaN,NaN,NaN,37.780999755859376,NaN
06/12/2025,34.849998474121094,35.59000015258789,33.42300033569336,35.02000045776367,541400,0.0,0.0,-,NaN,NaN,NaN,38.179999923706056,NaN
06/11/2025,36.5,36.880001068115234,34.2599983215332,35.15999984741211,567300,0.0,0.0,-,NaN,NaN,NaN,38.5939998626709,NaN
06/10/2025,38.04999923706055,39.290000915527344,35.59000015258789,36.59000015258789,524900,0.0,0.0,-,NaN,NaN,NaN,39.177999877929686,NaN
06/09/2025,39.52999877929688,39.720001220703125,37.803001403808594,38.0,296500,0.0,0.0,-,NaN,NaN,NaN,39.73199996948242,NaN
06/06/2025,38.54999923706055,39.74700164794922,36.38999938964844,38.88999938964844,597600,0.0,0.0,-,NaN,NaN,NaN,39.94799995422363,NaN
06/05/2025,40.0,40.20500183105469,38.040000915527344,38.5,406100,0.0,0.0,-,NaN,NaN,NaN,39.81500015258789,NaN
06/04/2025,40.70000076293945,40.70000076293945,39.900001525878906,40.0099983215332,279900,0.0,0.0,-,NaN,NaN,NaN,NaN,NaN
06/03/2025,40.95000076293945,41.02000045776367,39.6349983215332,40.34000015258789,372500,0.0,0.0,-,NaN,NaN,NaN,NaN,NaN
06/02/2025,39.11000061035156,40.470001220703125,38.698001861572266,40.45000076293945,504600,0.0,0.0,-,NaN,NaN,NaN,NaN,NaN
05/30/2025,38.5,40.290000915527344,38.0,38.84000015258789,634000,0.0,0.0,-,NaN,NaN,NaN,NaN,NaN
05/29/2025,41.0,41.55699920654297,38.5,39.15999984741211,1902200,0.0,0.0,-,NaN,NaN,NaN,NaN,NaN
05/28/2025,42.54999923706055,42.970001220703125,40.45000076293945,41.0,609100,0.0,0.0,-,NaN,NaN,NaN,NaN,NaN
05/27/2025,40.900001525878906,43.79999923706055,40.5,42.130001068115234,1911200,0.0,0.0,-,NaN,NaN,NaN,NaN,NaN
05/23/2025,37.88999938964844,40.880001068115234,36.73600006103516,40.15999984741211,2821900,0.0,0.0,-,NaN,NaN,NaN,NaN,NaN
05/22/2025,39.5,40.2599983215332,37.02000045776367,37.560001373291016,9172800,0.0,0.0,-,NaN,NaN,NaN,NaN,NaN
