Date,Open,High,Low,Adj_Close,Volume,Dividends,Stock Splits,Empty_col_H,MA_Price_200_day,MA_Price_50_day,MA_Price_20_day,MA_Price_10_day,MA_Volume_50_day
01/01/2027
12/31/2026
12/30/2026
12/29/2026
12/28/2026
12/24/2026
12/23/2026
12/22/2026
12/21/2026
12/18/2026
12/17/2026
12/16/2026
12/15/2026
12/14/2026
12/11/2026
12/10/2026
12/09/2026
12/08/2026
12/07/2026
12/04/2026
12/03/2026
12/02/2026
12/01/2026
11/30/2026
11/27/2026
11/25/2026
11/24/2026
11/23/2026
11/20/2026
11/19/2026
11/18/2026
11/17/2026
11/16/2026
11/13/2026
11/12/2026
11/11/2026
11/10/2026
11/09/2026
11/06/2026
11/05/2026
11/04/2026
11/03/2026
11/02/2026
10/30/2026
10/29/2026
10/28/2026
10/27/2026
10/26/2026
10/23/2026
10/22/2026
10/21/2026
10/20/2026
10/19/2026
10/16/2026
10/15/2026
10/14/2026
10/13/2026
10/12/2026
10/09/2026
10/08/2026
10/07/2026
10/06/2026
10/05/2026
10/02/2026
10/01/2026
09/30/2026
09/29/2026
09/28/2026
09/25/2026
09/24/2026
09/23/2026
09/22/2026
09/21/2026
09/18/2026
09/17/2026
09/16/2026
09/15/2026
09/14/2026
09/11/2026
09/10/2026
09/09/2026
09/08/2026
09/04/2026
09/03/2026
09/02/2026
09/01/2026
08/31/2026
08/28/2026
08/27/2026
08/26/2026
08/25/2026
08/24/2026
08/21/2026
08/20/2026
08/19/2026
08/18/2026
08/17/2026
08/14/2026
08/13/2026
08/12/2026
08/11/2026
08/10/2026
08/07/2026
08/06/2026
08/05/2026
08/04/2026
08/03/2026
07/31/2026
07/30/2026
07/29/2026
07/28/2026
07/27/2026
07/24/2026
07/23/2026
07/22/2026
07/21/2026
07/20/2026
07/17/2026
07/16/2026
07/15/2026
07/14/2026
07/13/2026
07/10/2026
07/09/2026
07/08/2026
07/07/2026
07/06/2026
07/02/2026
07/01/2026
06/30/2026
06/29/2026
06/26/2026
06/25/2026
06/24/2026
06/23/2026
06/22/2026
06/19/2026
06/18/2026
06/17/2026
06/16/2026
06/15/2026
06/12/2026
06/11/2026
06/10/2026
06/09/2026
06/08/2026
06/05/2026
06/04/2026
06/03/2026
06/02/2026
06/01/2026
05/29/2026
05/28/2026
05/27/2026
05/26/2026
05/22/2026
05/21/2026
05/20/2026
05/19/2026
05/18/2026
05/15/2026
05/14/2026
05/13/2026
05/12/2026
05/11/2026
05/08/2026
05/07/2026
05/06/2026
05/05/2026
05/04/2026
05/01/2026
04/30/2026
04/29/2026
04/28/2026
04/27/2026
04/24/2026
04/23/2026
04/22/2026
04/21/2026
04/20/2026
04/17/2026
04/16/2026
04/15/2026
04/14/2026
04/13/2026
04/10/2026
04/09/2026
04/08/2026
04/07/2026
04/06/2026
04/02/2026
04/01/2026
03/31/2026
03/30/2026
03/27/2026
03/26/2026
03/25/2026
03/24/2026
03/23/2026
03/20/2026
03/19/2026
03/18/2026
03/17/2026
03/16/2026
03/13/2026
03/12/2026
03/11/2026
03/10/2026
03/09/2026
03/06/2026
03/05/2026
03/04/2026
03/03/2026
03/02/2026
02/27/2026
02/26/2026
02/25/2026
02/24/2026
02/23/2026
02/20/2026
02/19/2026
02/18/2026
02/17/2026
02/13/2026
02/12/2026
02/11/2026
02/10/2026
02/09/2026
02/06/2026
02/05/2026
02/04/2026
02/03/2026
02/02/2026
01/30/2026
01/29/2026
01/28/2026
01/27/2026
01/26/2026
01/23/2026
01/22/2026
01/21/2026
01/20/2026
01/16/2026
01/15/2026
01/14/2026
01/13/2026
01/12/2026
01/09/2026
01/08/2026
01/07/2026
01/06/2026
01/05/2026
01/02/2026
12/31/2025
12/30/2025
12/29/2025
12/26/2025
12/24/2025
12/23/2025
12/22/2025
12/19/2025
12/18/2025
12/17/2025
12/16/2025
12/15/2025
12/12/2025
12/11/2025
12/10/2025
12/09/2025
12/08/2025
12/05/2025
12/04/2025
12/03/2025
12/02/2025
12/01/2025
11/28/2025
11/26/2025
11/25/2025
11/24/2025
11/21/2025
11/20/2025
11/19/2025
11/18/2025
11/17/2025
11/14/2025
11/13/2025
11/12/2025
11/11/2025
11/10/2025
11/07/2025
11/06/2025
11/05/2025
11/04/2025
11/03/2025
10/31/2025
10/30/2025
10/29/2025
10/28/2025
10/27/2025
10/24/2025
10/23/2025
10/22/2025
10/21/2025
10/20/2025
10/17/2025
10/16/2025
10/15/2025
10/14/2025
10/13/2025
10/10/2025
10/09/2025
10/08/2025
10/07/2025
10/06/2025
10/03/2025
10/02/2025
10/01/2025
09/30/2025
09/29/2025
09/26/2025
09/25/2025
09/24/2025
09/23/2025
09/22/2025
09/19/2025
09/18/2025
09/17/2025
09/16/2025
09/15/2025
09/12/2025
09/11/2025
09/10/2025
09/09/2025
09/08/2025
09/05/2025
09/04/2025
09/03/2025
09/02/2025
08/29/2025
08/28/2025
08/27/2025
08/26/2025
08/25/2025
08/22/2025
08/21/2025
08/20/2025
08/19/2025
08/18/2025
08/15/2025
08/14/2025
08/13/2025
08/12/2025
08/11/2025
08/08/2025
08/07/2025
08/06/2025
08/05/2025
08/04/2025
08/01/2025
07/31/2025
07/30/2025
07/29/2025
07/28/2025
07/25/2025
07/24/2025
07/23/2025
07/22/2025
07/21/2025
07/18/2025
07/17/2025
07/16/2025
07/15/2025
07/14/2025
07/11/2025
07/10/2025
07/09/2025
07/08/2025
07/07/2025
07/03/2025
07/02/2025
07/01/2025
06/30/2025
06/27/2025
06/26/2025
06/25/2025
06/24/2025
06/23/2025,31.950001,32.529999,31.045000,32.365002,1600899,0.0,0.0,-,36.411675,32.0209,33.813251,33.713500,2518279.98
06/20/2025,33.730000,34.110001,31.900000,32.029999,3103300,0.0,0.0,-,36.402000,31.9550,33.880000,33.883000,2532760.00
06/18/2025,34.380001,34.549999,33.580002,33.830002,1605300,0.0,0.0,-,36.399150,31.8348,33.929000,34.075000,2505174.00
06/17/2025,34.450001,34.610001,34.070000,34.400002,1457600,0.0,0.0,-,36.387500,31.6868,33.938000,34.166000,2546324.00
06/16/2025,33.660000,34.930000,33.514999,34.630001,1747600,0.0,0.0,-,36.371050,31.5142,33.943000,34.123000,2585730.00
06/13/2025,33.849998,34.000000,33.110001,33.369999,2563900,0.0,0.0,-,36.358800,31.3792,33.972000,34.050000,2602886.00
06/12/2025,33.869999,34.185001,33.139999,33.610001,2081000,0.0,0.0,-,36.353700,31.3392,34.048500,34.113000,2563218.00
06/11/2025,34.270000,34.729000,33.520000,34.110001,2284900,0.0,0.0,-,36.349050,31.2870,34.109500,34.103000,2567820.00
06/10/2025,34.770000,35.230000,33.930000,34.029999,2169100,0.0,0.0,-,36.336400,31.2100,34.279000,34.057000,2562706.00
06/09/2025,34.270000,34.939999,33.500000,34.759998,1643000,0.0,0.0,-,36.325750,31.1498,34.371500,34.040001,2544300.00
06/06/2025,33.820000,34.500000,33.270000,34.060001,1673000,0.0,0.0,-,36.310150,31.1120,34.303000,33.913001,2521584.00
06/05/2025,34.000000,34.990002,33.230000,33.950001,3391000,0.0,0.0,-,36.301150,31.1044,34.262000,33.877001,2506164.00
06/04/2025,34.349998,34.860001,33.439999,34.740002,2714300,0.0,0.0,-,36.290300,31.1122,34.245500,33.783001,2476422.00
06/03/2025,34.369999,34.459999,33.610001,33.970001,1230900,0.0,0.0,-,36.275750,31.0962,34.088500,33.710000,2442270.00
06/02/2025,34.060001,34.485001,33.290001,33.900002,1315300,0.0,0.0,-,36.257150,31.0768,33.958000,33.763000,2435406.00
05/30/2025,33.410000,34.119999,32.430000,34.000000,2091300,0.0,0.0,-,36.244750,31.0570,33.904500,33.894000,2428786.00
05/29/2025,34.310001,34.599998,32.939999,33.509998,1467400,0.0,0.0,-,36.233050,31.0356,33.781000,33.984000,2410186.00
05/28/2025,34.259998,34.259998,33.520000,33.650002,1062700,0.0,0.0,-,36.220950,31.0086,33.627500,34.116000,2405524.00
05/27/2025,33.799999,34.200001,33.220001,33.860001,1928700,0.0,0.0,-,36.206600,31.0126,33.437500,34.501000,2408298.00
05/23/2025,33.139999,33.779999,32.970001,33.490002,1797900,0.0,0.0,-,36.152700,31.0012,33.263000,34.703000,2395918.00
05/22/2025,33.220001,34.040001,32.680000,33.700001,2191100,0.0,0.0,-,36.096100,30.9714,33.067500,34.693000,2387730.00
05/21/2025,33.810001,33.990002,33.000000,33.009998,2172800,0.0,0.0,-,36.043150,30.9894,32.829500,34.647000,2380596.00
05/20/2025,33.450001,34.180000,33.299999,34.009998,4785700,0.0,0.0,-,35.997650,30.9942,32.491000,34.708000,2375222.00
05/19/2025,34.450001,35.035000,34.094002,34.500000,2172000,0.0,0.0,-,35.953750,30.9488,32.013000,34.467000,2336400.00
05/16/2025,34.880001,35.404999,34.380001,35.209999,3250000,0.0,0.0,-,35.912250,30.9404,31.521500,34.153000,2343184.00
05/15/2025,33.799999,35.525002,33.500000,34.900002,7644900,0.0,0.0,-,35.865400,30.9894,31.043501,33.915001,2299234.00
05/14/2025,36.299999,36.619999,34.099998,34.830002,4859800,0.0,0.0,-,35.820000,31.0960,30.596000,33.578001,2199634.00
05/13/2025,36.070000,37.790001,36.000000,37.500000,2041800,0.0,0.0,-,35.780200,31.1540,30.188000,33.139001,2154014.00
05/12/2025,35.419998,36.270000,35.200001,35.880001,2726300,0.0,0.0,-,35.726650,31.1698,29.632500,32.374001,2133844.00
05/09/2025,33.490002,33.830002,32.869999,33.389999,1937500,0.0,0.0,-,35.672500,31.2386,29.193500,31.823001,2106394.00
05/08/2025,33.639999,34.020000,32.560001,33.240002,2840800,0.0,0.0,-,35.633550,31.3670,28.892500,31.442001,2082064.00
05/07/2025,34.110001,34.130001,31.190001,33.619999,8166900,0.0,0.0,-,35.592750,31.5122,28.684000,31.012000,2040310.00
05/06/2025,30.770000,31.700001,29.870001,31.600000,5078400,0.0,0.0,-,35.551000,31.6504,28.304000,30.274001,1892766.00
05/05/2025,32.400002,33.480000,31.360001,31.360001,3783300,0.0,0.0,-,35.518050,31.8498,28.045500,29.559001,1827516.00
05/02/2025,32.160000,32.939999,32.000000,32.830002,2064400,0.0,0.0,-,35.488750,32.0596,27.766000,28.890001,1810132.00
05/01/2025,30.920000,32.230000,30.730000,31.530001,1946200,0.0,0.0,-,35.451250,32.2882,27.518500,28.172000,1876460.00
04/30/2025,28.809999,30.650000,28.400000,30.440001,2104600,0.0,0.0,-,35.415400,32.5976,27.510500,27.614000,1883112.00
04/29/2025,30.500000,31.219999,29.721001,29.850000,1926500,0.0,0.0,-,35.383750,32.9342,27.538500,27.237000,1875856.00
04/28/2025,29.584999,30.620001,29.520000,30.370001,1851400,0.0,0.0,-,35.353800,33.2772,27.559000,26.891000,1866504.00
04/25/2025,29.010000,29.760000,28.780001,29.580000,1818300,0.0,0.0,-,35.317400,33.6298,27.591500,26.564000,1850996.00
04/24/2025,26.600000,29.280001,26.500000,28.940001,3367000,0.0,0.0,-,35.286750,33.9872,27.756000,26.343000,1843416.00
04/23/2025,25.690001,27.540001,25.690001,26.240000,2502500,0.0,0.0,-,35.264950,34.3594,27.993000,26.356000,1797932.00
04/22/2025,24.870001,25.090000,23.770000,24.450001,2248100,0.0,0.0,-,35.258550,34.8184,28.398000,26.334000,1775702.00
04/21/2025,25.270000,25.650000,24.520000,24.670000,2316800,0.0,0.0,-,35.258550,35.2686,28.872500,26.532000,1747582.00
04/17/2025,25.930000,26.139999,25.450001,25.650000,1945600,0.0,0.0,-,35.257200,35.7286,29.289000,26.642000,1715574.00
04/16/2025,26.160000,26.600000,25.450001,25.950001,2168000,0.0,0.0,-,35.250850,36.1878,29.652000,26.865000,1689400.00
04/15/2025,26.580000,27.020000,26.309999,26.670000,2420100,0.0,0.0,-,35.245550,36.6290,30.001000,27.407000,1676946.00
04/14/2025,27.920000,28.260000,26.180000,26.389999,1049100,0.0,0.0,-,35.236550,37.0294,30.275500,27.840000,1655770.00
04/11/2025,27.680000,27.680000,25.950001,27.100000,1521400,0.0,0.0,-,35.221600,37.4218,30.648500,28.227000,1662120.00
04/10/2025,28.059999,28.580000,26.510000,27.370001,2083600,0.0,0.0,-,35.203800,37.8244,30.958000,28.619000,1662448.00
04/09/2025,26.000000,29.500000,25.205000,29.070000,2324900,0.0,0.0,-,35.177800,38.1928,31.189500,29.169000,1648636.00
04/08/2025,27.590000,28.610001,25.540001,26.020000,1724000,0.0,0.0,-,35.144150,38.5238,31.466000,29.630000,1656066.00
04/07/2025,24.500000,27.420000,24.030001,26.430000,3662800,0.0,0.0,-,35.126700,38.8698,31.827500,30.462000,1657186.00
04/04/2025,26.750000,26.830000,25.190001,25.770000,3427900,0.0,0.0,-,35.106850,39.2146,32.093000,31.213000,1599434.00
04/03/2025,28.969999,29.480000,27.235001,27.879999,2605400,0.0,0.0,-,35.090350,39.5766,32.508500,31.936000,1550036.00
04/02/2025,30.469999,31.770000,30.440001,31.370001,580500,0.0,0.0,-,35.067050,39.8716,32.997500,32.439000,1510968.00
04/01/2025,30.170000,31.000000,29.715000,31.000000,2311100,0.0,0.0,-,35.023900,40.0720,33.440500,32.595000,1510846.00
03/31/2025,30.240000,30.709999,29.150000,30.260000,2029200,0.0,0.0,-,34.986250,40.2556,33.777000,32.711000,1481830.00
03/28/2025,32.570000,32.894001,30.770000,31.020000,1248800,0.0,0.0,-,34.947850,40.4470,34.178500,33.070000,1453430.00
03/27/2025,33.270000,33.360001,32.625000,32.869999,507200,0.0,0.0,-,34.905500,40.6302,34.593500,33.297000,1447320.00
03/26/2025,34.375000,34.419998,33.029999,33.680000,902000,0.0,0.0,-,34.853600,40.7636,34.940500,33.210000,1449636.00
03/25/2025,33.939999,34.540001,33.720001,34.340000,1903900,0.0,0.0,-,34.797650,40.8720,35.281500,33.302000,1447846.00
03/24/2025,33.880001,34.112000,33.419998,33.939999,1006700,0.0,0.0,-,34.737750,40.9734,35.591000,33.193000,1440590.00
03/21/2025,32.605000,33.189999,32.060001,33.000000,887700,0.0,0.0,-,34.678450,41.1166,35.972500,32.973000,1430958.00
03/20/2025,32.500000,33.380001,32.470001,32.910000,984300,0.0,0.0,-,34.625250,41.2910,36.415000,33.081000,1430904.00
03/19/2025,32.840000,33.369999,32.480000,32.930000,1161300,0.0,0.0,-,34.573900,41.4862,36.982500,33.556000,1427922.00
03/18/2025,33.490002,33.610001,31.809999,32.160000,1234300,0.0,0.0,-,34.522900,41.6766,37.686000,34.286000,1418348.00
03/17/2025,33.060001,34.820000,33.049999,33.849998,1201400,0.0,0.0,-,34.477850,41.8662,38.441500,34.843000,1410516.00
03/14/2025,32.849998,34.000000,32.669998,33.290001,1309700,0.0,0.0,-,34.426050,42.0140,39.099000,35.287000,1399338.00
03/13/2025,34.599998,34.980000,31.830000,32.000000,1388500,0.0,0.0,-,34.377200,42.1852,39.834500,35.890000,1396172.00
03/12/2025,34.084999,34.959999,33.419998,34.599998,1834400,0.0,0.0,-,34.335550,42.4006,40.607000,36.671000,1382184.00
03/11/2025,31.440001,33.719002,31.190001,33.250000,1904100,0.0,0.0,-,34.286550,42.5760,41.254500,37.261000,1358520.00
03/10/2025,33.419998,33.820000,30.760000,31.740000,2844600,0.0,0.0,-,34.242750,42.7816,42.051500,37.989000,1328078.00
03/07/2025,37.040001,37.599998,33.830002,34.080002,2511200,0.0,0.0,-,34.208350,43.0034,42.812500,38.972000,1292568.00
03/06/2025,39.000000,39.660000,37.470001,37.660000,1052500,0.0,0.0,-,34.164750,43.2034,43.492000,39.749000,1302612.00
03/05/2025,37.730000,40.599998,37.480000,40.230000,2664900,0.0,0.0,-,34.098400,43.3058,44.039500,40.409000,1327284.00
03/04/2025,37.389999,38.290001,36.009998,37.730000,2578800,0.0,0.0,-,34.021250,43.3410,44.428500,41.086000,1317150.00
03/03/2025,39.740002,40.000000,37.939999,38.290001,1033300,0.0,0.0,-,33.949800,43.4500,44.876500,42.040000,1320296.00
02/28/2025,39.400002,39.830002,38.294998,39.320000,1353800,0.0,0.0,-,33.878350,43.5168,45.262499,42.911000,1341852.00
02/27/2025,41.070000,41.349998,39.700001,39.810001,721000,0.0,0.0,-,33.800000,43.5116,45.657999,43.779000,1332988.00
02/26/2025,41.312000,41.860001,40.375999,40.500000,753100,0.0,0.0,-,33.721350,43.5002,45.956999,44.543000,1329890.00
02/25/2025,41.450001,41.450001,39.410999,40.529999,789700,0.0,0.0,-,33.626500,43.4784,46.212999,45.248000,1333186.00
02/24/2025,41.770000,41.900002,39.290001,41.570000,1815900,0.0,0.0,-,33.540750,43.4392,46.352499,46.114000,1350088.00
02/21/2025,43.860001,43.860001,40.869999,41.849998,2914100,0.0,0.0,-,33.449000,43.4160,46.457499,46.652999,1338782.00
02/20/2025,43.380001,44.689999,39.394001,44.259998,5380800,0.0,0.0,-,33.352150,43.3738,46.558499,47.234999,1317332.00
02/19/2025,47.150002,47.400002,45.605000,47.000000,2278800,0.0,0.0,-,33.243350,43.2500,46.476999,47.670000,1237872.00
02/18/2025,47.380001,47.741001,46.410000,47.270000,1741800,0.0,0.0,-,33.121350,43.0892,46.196499,47.771000,1211636.00
02/14/2025,47.650002,48.000000,45.660000,47.000000,1458900,0.0,0.0,-,32.997000,42.9138,45.841999,47.712999,1200688.00
02/13/2025,47.840000,48.169998,47.040001,48.000000,1076000,0.0,0.0,-,32.875700,42.7194,45.483500,47.613999,1185752.00
02/12/2025,47.000000,47.900002,46.799999,47.450001,1439300,0.0,0.0,-,32.753750,42.5022,45.092500,47.536999,1174632.00
02/11/2025,49.020000,49.549999,46.937000,47.549999,1092800,0.0,0.0,-,32.631600,42.2852,44.697000,47.370999,1167540.00
02/10/2025,47.470001,49.430000,47.060001,49.189999,1391000,0.0,0.0,-,32.508300,42.0764,44.274500,47.177999,1171084.00
02/07/2025,47.810001,48.298000,46.660000,46.959999,842100,0.0,0.0,-,32.379250,41.8374,43.785500,46.590999,1186102.00
02/06/2025,48.470001,48.680000,47.025002,47.669998,716400,0.0,0.0,-,32.259300,41.6360,43.492500,46.261999,1197524.00
02/05/2025,47.990002,48.619999,47.080002,48.610001,636900,0.0,0.0,-,32.134600,41.4150,43.195000,45.881999,1221196.00
02/04/2025,46.980000,48.730000,46.599998,48.009998,1545300,0.0,0.0,-,32.005500,41.1440,42.898000,45.283999,1228510.00
02/03/2025,44.970001,46.799999,44.139999,46.689999,1361300,0.0,0.0,-,31.881900,40.8730,42.620000,44.621999,1214602.00
01/31/2025,47.610001,47.959999,45.551998,46.009998,1366600,0.0,0.0,-,31.767600,40.6348,42.367500,43.971000,1206528.00
01/30/2025,45.930000,47.439999,45.410000,47.230000,1537800,0.0,0.0,-,31.654850,40.4178,42.129000,43.353000,1221878.00
01/29/2025,46.380001,46.410000,43.200001,45.790001,1393000,0.0,0.0,-,31.537500,40.2122,41.860000,42.648000,1220558.00
01/28/2025,43.500000,47.490002,43.029999,45.619999,2696400,0.0,0.0,-,31.429750,40.0298,41.709000,42.023000,1233518.00
01/27/2025,42.610001,46.327999,42.180000,43.320000,1780000,0.0,0.0,-,31.319650,39.8480,41.596500,41.371000,1227750.00
01/24/2025,44.220001,44.590000,43.445000,43.669998,775200,0.0,0.0,-,31.224500,39.6834,41.607000,40.980000,1227872.00
01/23/2025,42.820000,43.930000,42.150002,43.869999,958000,0.0,0.0,-,31.126350,39.4770,41.565000,40.723000,1258368.00
01/22/2025,41.830002,42.669998,41.810001,42.630001,652000,0.0,0.0,-,31.027900,39.2752,41.575500,40.508000,1371526.00
01/21/2025,40.340000,41.549999,40.264999,41.389999,574400,0.0,0.0,-,30.936550,39.2298,41.583000,40.512000,1405654.00
01/17/2025,40.790001,41.240002,39.939999,40.180000,860300,0.0,0.0,-,30.851000,39.1858,41.613000,40.618000,1437118.00
01/16/2025,40.320000,41.075001,39.770000,39.830002,609200,0.0,0.0,-,30.775300,39.1716,41.763000,40.764000,1453922.00
01/15/2025,40.130001,40.740002,39.500000,40.180000,943300,0.0,0.0,-,30.703150,39.1678,41.853000,40.905000,1458576.00
01/14/2025,39.570000,39.980000,38.910000,39.540001,623000,0.0,0.0,-,30.629650,39.1248,41.797000,41.072000,1456394.00
01/13/2025,38.490002,39.834999,38.150002,39.099998,812500,0.0,0.0,-,30.563300,39.1064,41.782000,41.395000,1455212.00
01/10/2025,40.619999,40.630001,38.259998,39.410000,1541100,0.0,0.0,-,30.496750,39.1094,41.797500,41.822000,1450160.00
01/08/2025,41.459999,41.585999,40.619999,41.099998,525100,0.0,0.0,-,30.427950,39.1058,41.755500,42.234000,1426554.00
01/07/2025,42.750000,43.000000,41.212002,41.720001,885000,0.0,0.0,-,30.352600,39.0646,41.721000,42.407000,1435548.00
01/06/2025,43.160000,43.689999,41.810001,42.669998,835200,0.0,0.0,-,30.278700,39.0042,41.622000,42.643000,1434988.00
01/03/2025,42.009998,43.049999,41.669998,42.450001,682600,0.0,0.0,-,30.197200,38.9162,41.392000,42.654000,1447252.00
01/02/2025,41.900002,42.145000,40.161999,41.639999,842700,0.0,0.0,-,30.115000,38.8214,41.217500,42.608000,1447178.00
12/31/2024,41.939999,42.688000,41.020000,41.240002,642500,0.0,0.0,-,30.031950,38.7488,41.060500,42.762000,1440832.00
12/30/2024,42.110001,42.299999,41.060001,41.849998,1151400,0.0,0.0,-,29.944400,38.6744,40.862500,42.801000,1441388.00
12/27/2024,43.430000,43.490002,42.299999,42.770000,689100,0.0,0.0,-,29.854650,38.5846,40.627000,42.522001,1426634.00
12/26/2024,43.279999,43.959999,43.119999,43.369999,651200,0.0,0.0,-,29.764400,38.4716,40.318500,42.169001,1424214.00
12/24/2024,43.000000,43.869999,42.705002,43.529999,382000,0.0,0.0,-,29.673250,38.3526,40.005500,41.773001,1425578.00
12/23/2024,44.599998,44.770000,42.820000,42.830002,1069100,0.0,0.0,-,29.580600,38.2142,39.691000,41.277001,1425672.00
12/20/2024,42.290001,44.770000,42.099998,44.080002,3013400,0.0,0.0,-,29.492550,38.0976,39.394000,41.035001,1417130.00
12/19/2024,42.735001,43.820000,41.307999,42.779999,2286100,0.0,0.0,-,29.403950,37.9460,39.021000,40.601001,1370166.00
12/18/2024,43.410000,43.950001,40.880001,41.990002,2158200,0.0,0.0,-,29.315050,37.8014,38.635000,40.130001,1332904.00
12/17/2024,42.500000,44.380001,41.630001,43.180000,2736100,0.0,0.0,-,29.230000,37.6690,38.258500,39.827000,1297670.00
12/16/2024,39.150002,41.750000,39.110001,41.630001,2111100,0.0,0.0,-,29.148200,37.5124,37.838500,39.359000,1260084.00
12/13/2024,39.779999,39.930000,38.970001,39.060001,910600,0.0,0.0,-,29.079050,37.3882,37.515000,38.924000,1224362.00
12/12/2024,39.250000,39.759998,39.009998,39.240002,566100,0.0,0.0,-,29.016250,37.3036,37.409500,38.732000,1212570.00
12/11/2024,38.840000,39.580002,38.490002,39.410000,917900,0.0,0.0,-,28.959200,37.2136,37.281000,38.468000,1217814.00
12/10/2024,39.619999,39.970001,38.250000,38.570000,1634800,0.0,0.0,-,28.907550,37.1350,37.137000,38.238000,1217054.00
12/09/2024,39.779999,40.980000,39.599998,40.410000,1250600,0.0,0.0,-,28.857650,37.0712,36.963000,38.105000,1196708.00
12/06/2024,38.150002,40.119999,38.150002,39.740002,1841600,0.0,0.0,-,28.798550,36.9670,36.610000,37.753000,1183612.00
12/05/2024,38.720001,38.955002,36.830002,38.070000,1407800,0.0,0.0,-,28.744650,36.8766,36.312000,37.441000,1159900.00
12/04/2024,38.720001,39.270000,38.130001,38.959999,967000,0.0,0.0,-,28.695900,36.8044,36.426500,37.140000,1144836.00
12/03/2024,37.240002,38.814999,37.240002,38.500000,1194400,0.0,0.0,-,28.645950,36.7156,36.438000,36.690000,1138086.00
12/02/2024,37.535000,37.860001,36.790001,37.279999,712100,0.0,0.0,-,28.602950,36.6276,36.486500,36.318000,1130836.00
11/29/2024,36.849998,37.459999,36.700001,37.139999,520000,0.0,0.0,-,28.565100,36.5628,36.604500,36.106000,1157484.00
11/27/2024,37.119999,37.520000,36.200001,36.599998,1084700,0.0,0.0,-,28.533500,36.4896,36.649000,36.087000,1182986.00
11/26/2024,37.240002,37.240002,36.599998,37.110001,1270000,0.0,0.0,-,28.498800,36.4308,36.750000,36.094000,1190706.00
11/25/2024,37.119999,37.755001,36.492001,37.240002,2141900,0.0,0.0,-,28.467150,36.3614,36.857000,36.036000,1199022.00
11/22/2024,36.610001,37.090000,36.119999,36.889999,1413200,0.0,0.0,-,28.432300,36.2622,36.956499,35.821000,1183010.00
11/21/2024,35.160000,36.930000,34.610001,36.619999,1900000,0.0,0.0,-,28.388850,36.1476,37.064000,35.466999,1173776.00
11/20/2024,34.599998,35.169998,34.049999,35.060001,1002600,0.0,0.0,-,28.344650,36.0450,37.168000,35.182999,1154932.00
11/19/2024,34.529999,34.994999,34.139999,34.459999,849900,0.0,0.0,-,28.308200,35.9590,37.328500,35.712999,1176838.00
11/18/2024,35.160000,35.160000,34.130001,34.779999,957600,0.0,0.0,-,28.275100,35.8670,37.491000,36.185999,1179784.00
11/15/2024,35.924999,35.924999,34.759998,35.160000,2134100,0.0,0.0,-,28.239600,35.7738,37.652500,36.655000,1173026.00
11/14/2024,36.830002,37.910000,35.020000,36.950001,1471800,0.0,0.0,-,28.195600,35.6630,37.770500,37.102999,1144766.00
11/13/2024,36.169998,37.270000,35.060001,36.669998,2041000,0.0,0.0,-,28.140100,35.5338,37.791000,37.210999,1128606.00
11/12/2024,34.700001,37.919998,34.680000,36.529999,2408000,0.0,0.0,-,28.086750,35.4032,37.813500,37.405999,1096538.00
11/11/2024,33.500000,35.220001,33.000000,35.090000,1786100,0.0,0.0,-,28.033850,35.2812,37.858000,37.677999,1060196.00
11/08/2024,34.224998,34.224998,32.759998,33.349998,2300000,0.0,0.0,-,27.981750,35.2086,37.934000,38.091999,1039732.00
11/07/2024,34.299999,35.619999,32.020000,33.779999,6615900,0.0,0.0,-,27.941400,35.1716,38.116500,38.661000,1004552.00
11/06/2024,40.000000,41.000000,39.560001,40.360001,2358400,0.0,0.0,-,27.896200,35.1182,38.252500,39.153000,889274.00
11/05/2024,39.610001,39.810001,38.869999,39.189999,2147600,0.0,0.0,-,27.819150,34.9546,38.012000,38.944000,855416.00
11/04/2024,39.639999,40.080002,39.009998,39.470001,1700500,0.0,0.0,-,27.748950,34.8178,37.821000,38.796000,828046.00
11/01/2024,38.060001,39.930000,37.709999,39.639999,841900,0.0,0.0,-,27.677900,34.6820,37.615000,38.650000,821900.00
10/31/2024,38.310001,38.974998,37.742001,38.029999,834200,0.0,0.0,-,27.602250,34.5208,37.404000,38.438000,820304.00
10/30/2024,39.340000,39.919998,38.580002,38.619999,563900,0.0,0.0,-,27.540150,34.3982,37.244000,38.371000,819824.00
10/29/2024,39.320000,39.759998,38.889999,39.250000,559900,0.0,0.0,-,27.476300,34.2586,37.050000,38.221000,829254.00
10/28/2024,39.369999,39.750000,39.134998,39.230000,360800,0.0,0.0,-,27.411000,34.1188,36.861500,38.038000,835786.00
10/25/2024,38.980000,39.770000,38.919998,39.040001,974800,0.0,0.0,-,27.344600,33.9698,36.669000,37.776000,858648.00
10/24/2024,38.509998,39.189999,38.459999,38.700001,857000,0.0,0.0,-,27.282200,33.8256,36.477000,37.572000,873518.00
10/23/2024,37.790001,38.299999,37.160000,38.270000,1448400,0.0,0.0,-,27.226100,33.6566,36.303000,37.352000,904444.00
10/22/2024,38.009998,38.240002,37.610001,37.709999,678900,0.0,0.0,-,27.170550,33.5196,36.112500,37.080000,919998.00
10/21/2024,37.200001,38.044998,37.180000,38.009998,525400,0.0,0.0,-,27.113600,33.3986,35.953000,36.846000,945204.00
10/18/2024,38.049999,38.500000,37.279999,37.520000,670300,0.0,0.0,-,27.055950,33.2602,35.757500,36.580000,1004466.00
10/17/2024,37.200001,37.555000,36.840000,37.360001,413700,0.0,0.0,-,27.001800,33.1254,35.583500,36.369999,1108288.00
10/16/2024,37.080002,37.139999,36.049999,37.119999,568100,0.0,0.0,-,26.950050,32.8398,35.389500,36.116999,1143038.00
10/15/2024,36.560001,38.099998,36.430000,37.419998,719400,0.0,0.0,-,26.903350,32.5408,35.216500,35.879000,1181868.00
10/14/2024,37.070000,37.189999,36.400002,36.610001,386700,0.0,0.0,-,26.857050,32.2546,35.027500,35.685000,1189558.00
10/11/2024,36.580002,37.639999,36.580002,37.000000,642000,0.0,0.0,-,26.815050,32.0006,34.811000,35.562000,1206638.00
10/10/2024,35.740002,36.779999,35.509998,36.500000,665200,0.0,0.0,-,26.771850,31.7652,34.519000,35.382000,1206722.00
10/09/2024,35.330002,36.209999,35.330002,35.549999,423000,0.0,0.0,-,26.734650,31.5592,34.268500,35.254000,1201804.00
10/08/2024,35.410000,35.794998,35.279999,35.369999,396500,0.0,0.0,-,26.699850,31.3650,34.029000,35.145000,1211998.00
10/07/2024,35.220001,35.830002,35.049999,35.349998,856800,0.0,0.0,-,26.665650,31.1740,33.753500,35.060000,1216658.00
10/04/2024,35.270000,35.709999,34.895000,35.419998,325000,0.0,0.0,-,26.625600,31.0044,33.492000,34.935000,1234478.00
10/03/2024,34.660000,35.500000,34.382000,34.830002,321000,0.0,0.0,-,26.589500,30.8318,33.202000,34.797001,1272980.00
10/02/2024,35.290001,35.650002,34.410000,34.740002,828300,0.0,0.0,-,26.558500,30.6362,32.985000,34.662000,1279812.00
10/01/2024,35.509998,36.259998,35.169998,35.480000,879900,0.0,0.0,-,26.536650,30.4534,32.755000,34.554000,1279488.00
09/30/2024,35.570000,36.470001,35.189999,35.380001,617500,0.0,0.0,-,26.509750,30.2454,32.502500,34.370000,1273844.00
09/27/2024,35.500000,35.570000,34.820000,35.200001,595800,0.0,0.0,-,26.483850,30.0432,32.306500,34.060000,1274698.00
09/26/2024,34.779999,35.279999,34.119999,35.220001,656000,0.0,0.0,-,26.458700,29.8394,32.121500,33.656000,1284574.00
09/25/2024,34.330002,35.035999,34.240002,34.459999,654600,0.0,0.0,-,26.432000,29.6450,31.916000,33.283000,1297344.00
09/24/2024,34.290001,34.810001,34.060001,34.520000,629500,0.0,0.0,-,26.403400,29.4624,31.802000,32.913000,1301176.00
09/23/2024,34.230000,34.799999,34.040001,34.099998,831900,0.0,0.0,-,26.383000,29.2592,31.693500,32.447000,1297548.00
09/20/2024,33.450001,34.490002,33.439999,34.040001,2044500,0.0,0.0,-,26.364950,29.0594,31.622500,32.049000,1291280.00
09/19/2024,34.669998,34.799999,33.419998,33.480000,1795100,0.0,0.0,-,26.347950,28.8558,31.499500,31.607000,1262896.00
09/18/2024,33.540001,34.930000,32.939999,33.660000,1470700,0.0,0.0,-,26.338650,28.6480,31.420500,31.308000,1238432.00
09/17/2024,32.520000,33.814999,32.459999,33.639999,1685800,0.0,0.0,-,26.318500,28.4438,31.319500,30.956000,1221548.00
09/16/2024,30.760000,32.529999,30.639999,32.279999,1341300,0.0,0.0,-,26.305600,28.2626,31.250500,30.635000,1199170.00
09/13/2024,31.480000,32.060001,30.770000,31.160000,951500,0.0,0.0,-,26.295550,28.1162,31.225500,30.553000,1178408.00
09/12/2024,31.500000,31.969999,30.459999,31.490000,957800,0.0,0.0,-,26.289050,27.9820,31.259000,30.587000,1163442.00
09/11/2024,29.650000,31.030001,29.360001,30.760000,2097900,0.0,0.0,-,26.274350,27.8402,31.197000,30.549000,1152216.00
09/10/2024,30.120001,30.340000,29.629999,29.860001,997200,0.0,0.0,-,26.259150,27.7126,31.230000,30.691000,1123852.00
09/09/2024,29.809999,30.469999,29.580000,30.120001,619700,0.0,0.0,-,26.247750,27.6132,31.320000,30.940000,1123218.00
09/06/2024,30.469999,30.650000,29.290001,29.620001,721100,0.0,0.0,-,26.235950,27.5082,31.368500,31.196000,1136974.00
09/05/2024,30.160000,30.730000,29.910000,30.490000,663800,0.0,0.0,-,26.225500,27.3838,31.426500,31.392000,1145000.00
09/04/2024,30.299999,30.910000,29.990000,30.139999,437600,0.0,0.0,-,26.207300,27.2448,31.056000,31.533000,1163622.00
09/03/2024,31.209999,31.690001,30.430000,30.430000,590900,0.0,0.0,-,26.200100,27.0854,30.657500,31.683000,1183636.00
08/30/2024,31.639999,31.639999,30.830000,31.459999,762900,0.0,0.0,-,26.185000,26.9236,30.291500,31.866000,1275280.00
08/29/2024,31.500000,32.040001,31.180000,31.500000,541000,0.0,0.0,-,26.155900,26.7450,29.914000,31.898000,1310630.00
08/28/2024,32.200001,32.270000,30.910000,31.110001,852000,0.0,0.0,-,26.124900,26.5642,29.600500,31.931000,1331700.00
08/27/2024,32.110001,32.580002,32.020000,32.180000,665500,0.0,0.0,-,26.094000,26.3914,29.355000,31.845000,1332368.00
08/26/2024,32.730000,32.730000,31.990000,32.349998,779100,0.0,0.0,-,26.070800,26.2122,29.038000,31.769000,1337086.00
08/23/2024,31.660000,32.810001,31.129999,32.680000,1393200,0.0,0.0,-,26.071600,26.0200,28.711500,31.700000,1339224.00
08/22/2024,31.879999,32.150002,31.340000,31.580000,762100,0.0,0.0,-,26.065200,25.8358,28.421000,31.541000,1341742.00
08/21/2024,31.500000,32.090000,31.120001,31.900000,810200,0.0,0.0,-,26.064750,25.6558,28.181500,31.461000,1347040.00
08/20/2024,32.209999,32.509998,31.510000,31.639999,1035400,0.0,0.0,-,26.056850,25.4688,27.839000,30.579000,1355330.00
08/19/2024,31.850000,32.340000,31.290001,32.259998,886500,0.0,0.0,-,26.040950,25.2858,27.537000,29.632000,1359318.00
08/16/2024,31.440001,32.369999,31.389999,31.780001,1503900,0.0,0.0,-,26.022100,25.0904,27.178000,28.717000,1367642.00
08/15/2024,30.500000,32.080002,30.500000,31.830000,1718300,0.0,0.0,-,26.002700,24.9020,26.852500,27.930000,1361084.00
08/14/2024,31.719999,32.180000,29.750000,30.250000,2403300,0.0,0.0,-,25.978500,24.7070,26.511500,27.270000,1340418.00
08/13/2024,31.049999,32.310001,30.420000,31.420000,2226100,0.0,0.0,-,25.962500,24.5492,26.274000,26.865000,1317340.00
08/12/2024,31.330000,32.310001,30.900000,31.660000,1939200,0.0,0.0,-,25.947400,24.3736,25.969500,26.307000,1329854.00
08/09/2024,29.570000,32.000000,29.049999,31.090000,3488500,0.0,0.0,-,25.934700,24.1950,25.604500,25.723000,1320042.00
08/08/2024,28.750000,31.450001,28.070000,30.780001,5861400,0.0,0.0,-,25.926000,24.0362,25.255500,25.301000,1270224.00
08/07/2024,22.840000,23.745001,22.799999,23.080000,2151200,0.0,0.0,-,25.917150,23.8904,24.909500,24.902000,1173336.00
08/06/2024,23.240000,23.469999,22.160000,22.170000,2509600,0.0,0.0,-,25.951750,23.8992,24.910000,25.099000,1142582.00
08/05/2024,22.120001,23.360001,22.120001,23.110001,1103900,0.0,0.0,-,25.994250,23.9292,24.974000,25.442000,1109248.00
08/02/2024,24.600000,24.700001,23.459999,23.910000,1240700,0.0,0.0,-,26.039800,23.9630,25.047500,25.639000,1098672.00
08/01/2024,26.299999,26.600000,24.840000,25.230000,646200,0.0,0.0,-,26.077900,23.9746,25.100000,25.775000,1082014.00
07/31/2024,26.000000,26.868000,25.930000,26.200001,419300,0.0,0.0,-,26.109400,23.9672,25.061000,25.753000,1085126.00
07/30/2024,25.860001,26.385000,25.049999,25.840000,932700,0.0,0.0,-,26.143500,23.9504,24.971000,25.683000,1100130.00
07/29/2024,26.910000,27.000000,25.700001,25.820000,629500,0.0,0.0,-,26.182000,23.9214,24.898000,25.632000,1094928.00
07/26/2024,27.150000,27.975000,26.580000,26.870001,1747800,0.0,0.0,-,26.226400,23.9010,24.851500,25.486000,1106242.00
07/25/2024,25.010000,27.139999,24.945000,26.790001,2250100,0.0,0.0,-,26.260950,23.8324,24.751500,25.210000,1100978.00
07/24/2024,25.440001,25.857000,24.809999,25.049999,662600,0.0,0.0,-,26.290100,23.7766,24.582000,24.917000,1076100.00
07/23/2024,25.150000,25.990000,25.030001,25.600000,812100,0.0,0.0,-,26.321350,23.7486,24.506500,24.721000,1108494.00
07/22/2024,25.680000,25.680000,24.750000,25.080000,597700,0.0,0.0,-,26.357450,23.7182,24.335000,24.506000,1158978.00
07/19/2024,25.010000,25.290001,24.559999,25.270000,660200,0.0,0.0,-,26.388250,23.6472,24.198000,24.456000,1220102.00
07/18/2024,25.270000,26.240000,24.549999,25.010000,1089600,0.0,0.0,-,26.429250,23.6094,24.061000,24.425000,1218622.00
07/17/2024,24.870001,25.809999,24.799999,25.500000,1294500,0.0,0.0,-,26.476700,23.5736,23.933500,24.369000,1210986.00
07/16/2024,24.320000,25.480000,24.270000,25.330000,846200,0.0,0.0,-,26.530700,23.5132,23.782000,24.259000,1205772.00
07/15/2024,24.270000,24.709999,23.844999,24.360001,448100,0.0,0.0,-,26.579400,23.4566,23.676500,24.164000,1206930.00
07/12/2024,23.740000,24.320000,23.660000,24.110001,518500,0.0,0.0,-,26.628150,23.4214,23.595500,24.217000,1209752.00
07/11/2024,23.510000,24.080000,23.410000,23.860001,625300,0.0,0.0,-,26.680900,23.3872,23.563500,24.293000,1209602.00
07/10/2024,23.590000,23.670000,22.889999,23.090000,571900,0.0,0.0,-,26.728550,23.3648,23.499500,24.247000,1209940.00
07/09/2024,24.500000,24.570000,23.270000,23.450001,626500,0.0,0.0,-,26.781700,23.3752,23.472500,24.292000,1210736.00
07/08/2024,25.090000,25.190001,24.309999,24.580000,566900,0.0,0.0,-,NaN,23.3666,23.424500,24.164000,1219888.00
07/05/2024,24.360001,25.061001,24.287001,24.959999,303200,0.0,0.0,-,NaN,23.3328,23.320000,23.940000,1215708.00
07/03/2024,24.459999,24.559999,24.150000,24.450001,203200,0.0,0.0,-,NaN,23.3012,23.190000,23.697000,1221348.00
07/02/2024,24.400000,24.690001,24.260000,24.400000,396500,0.0,0.0,-,NaN,23.2716,23.071500,23.498000,1227504.00
07/01/2024,24.799999,24.799999,23.889999,24.379999,679700,0.0,0.0,-,NaN,23.2382,22.969500,23.305000,1237246.00
06/28/2024,24.920000,25.090000,24.459999,24.889999,965500,0.0,0.0,-,NaN,23.2064,22.882500,23.189000,1242252.00
06/27/2024,23.490000,24.915001,23.350000,24.870001,1307500,0.0,0.0,-,NaN,23.1744,22.774500,22.974000,1249384.00
06/26/2024,23.469999,24.260000,23.330000,23.400000,1122400,0.0,0.0,-,NaN,23.1536,22.688500,22.834000,1245194.00
06/25/2024,22.280001,23.580000,22.070000,23.540001,1594900,0.0,0.0,-,NaN,23.1548,22.693000,22.752000,1238172.00
06/24/2024,22.040001,22.490000,21.799999,22.170000,1438300,0.0,0.0,-,NaN,23.1592,22.692000,22.653000,1225584.00
06/21/2024,21.830000,22.389999,21.260000,22.340000,5173100,0.0,0.0,-,NaN,23.2006,22.767000,22.685000,1221034.00
06/20/2024,22.299999,22.760000,21.815001,22.530001,2530400,0.0,0.0,-,NaN,23.2258,22.890000,22.700000,1142542.00
06/18/2024,22.340000,22.629999,22.049999,22.459999,1594500,0.0,0.0,-,NaN,23.2610,22.988000,22.683000,1111288.00
06/17/2024,23.160000,23.160000,22.330000,22.469999,885400,0.0,0.0,-,NaN,23.2926,23.108000,22.645000,1092138.00
06/14/2024,22.540001,23.280001,22.360001,23.219999,901400,0.0,0.0,-,NaN,23.3268,23.252500,22.634000,1087330.00
06/13/2024,23.600000,24.219999,22.740000,22.740000,886000,0.0,0.0,-,NaN,23.3496,23.311000,22.576000,1090412.00
06/12/2024,23.520000,24.120001,23.254999,23.469999,1519100,0.0,0.0,-,NaN,23.3804,23.414000,22.575000,1094252.00
06/11/2024,22.400000,22.639999,22.219999,22.580000,1027000,0.0,0.0,-,NaN,23.4118,23.412500,22.543000,1075510.00
06/10/2024,22.469999,23.190001,22.400000,22.549999,1224700,0.0,0.0,-,NaN,23.4682,23.483500,22.634000,1068170.00
06/07/2024,22.420000,22.620001,22.100000,22.490000,1234800,0.0,0.0,-,NaN,23.5268,23.538500,22.731000,1061002.00
06/06/2024,22.600000,22.930000,22.200001,22.490000,1302700,0.0,0.0,-,NaN,23.6024,23.618000,22.849000,1048144.00
06/05/2024,22.110001,22.620001,21.870001,22.360001,1176000,0.0,0.0,-,NaN,23.6684,23.570000,23.080000,1031586.00
06/04/2024,22.280001,22.480000,22.000000,22.080000,685000,0.0,0.0,-,NaN,23.7342,23.621000,23.293000,1019434.00
06/03/2024,22.990000,23.020000,21.530001,22.360001,1249400,0.0,0.0,-,NaN,23.8132,23.678000,23.571000,1016340.00
05/31/2024,22.879999,23.389999,22.320000,22.639999,2851800,0.0,0.0,-,NaN,23.9048,23.684000,23.871000,1013228.00
05/30/2024,23.000000,23.299999,22.062000,22.730000,1448600,0.0,0.0,-,NaN,23.9794,23.677000,24.046000,978626.00
05/29/2024,23.190001,23.670000,22.976000,23.150000,997600,0.0,0.0,-,NaN,24.0450,23.670500,24.253000,983332.00
05/28/2024,23.219999,23.990000,23.219999,23.490000,1017000,0.0,0.0,-,NaN,24.0826,23.633000,24.282000,995866.00
05/24/2024,23.660000,24.030001,23.410999,23.520000,613500,0.0,0.0,-,NaN,24.0874,23.595500,24.333000,1094606.00
05/23/2024,24.910000,24.910000,23.510000,23.670000,842900,0.0,0.0,-,NaN,24.0950,23.600000,24.346000,1122454.00
05/22/2024,24.650000,25.219999,24.600000,24.799999,575100,0.0,0.0,-,NaN,24.1160,23.567500,24.387000,1123246.00
05/21/2024,24.620001,24.780001,24.254999,24.490000,407800,0.0,0.0,-,NaN,24.1228,23.472000,24.060000,1142326.00
05/20/2024,25.290001,25.650000,24.320000,24.860001,801800,0.0,0.0,-,NaN,24.1330,23.416500,23.949000,1157344.00
05/17/2024,24.500000,25.420000,24.219999,25.360001,1169500,0.0,0.0,-,NaN,24.1402,23.322000,23.785000,1184594.00
05/16/2024,24.660000,24.719999,24.240000,24.389999,672600,0.0,0.0,-,NaN,24.1602,23.190500,23.497000,1210972.00
05/15/2024,24.000000,24.799999,23.480000,24.799999,1195200,0.0,0.0,-,NaN,24.1724,23.110500,23.308000,1235554.00
05/14/2024,24.000000,24.365000,23.309999,23.440001,1484600,0.0,0.0,-,NaN,24.1760,23.035000,23.088000,1235460.00
05/13/2024,23.910000,24.040001,23.420000,24.000000,1006200,0.0,0.0,-,NaN,24.2436,23.054500,22.984000,1232114.00
05/10/2024,23.900000,24.049999,22.025000,23.650000,2282300,0.0,0.0,-,NaN,24.3196,23.027500,22.858000,1276462.00
05/09/2024,24.100000,24.950001,23.000000,24.080000,3336300,0.0,0.0,-,NaN,24.3766,23.033000,22.854000,1354178.00
05/08/2024,22.690001,22.920000,21.510000,21.530001,3653900,0.0,0.0,-,NaN,24.4516,23.041000,22.748000,1349278.00
05/07/2024,23.250000,23.590000,22.860001,23.379999,586200,0.0,0.0,-,NaN,24.6026,23.144500,22.884000,1304666.00
05/06/2024,22.750000,23.370001,22.530001,23.219999,707800,0.0,0.0,-,NaN,24.7068,23.190000,22.884000,1307766.00
05/03/2024,23.000000,23.010000,22.340000,22.480000,1033800,0.0,0.0,-,NaN,24.8142,23.231000,22.859000,1303760.00
05/02/2024,22.840000,22.990000,22.020000,22.500000,904100,0.0,0.0,-,NaN,24.9438,23.316000,22.884000,1297786.00
05/01/2024,22.490000,23.309999,22.389999,22.600000,589200,0.0,0.0,-,NaN,25.0602,23.409000,22.913000,1288514.00
04/30/2024,22.480000,22.980000,22.270000,22.400000,511000,0.0,0.0,-,NaN,25.1876,23.493000,22.982000,1287218.00
04/29/2024,23.690001,23.889999,22.690001,22.740000,642200,0.0,0.0,-,NaN,25.3376,23.625000,23.125000,1301198.00
04/26/2024,23.049999,23.959999,22.980000,23.610001,611700,0.0,0.0,-,NaN,25.4770,23.758000,23.197000,1301294.00
04/25/2024,22.280001,23.100000,22.121000,23.020000,1084100,0.0,0.0,-,NaN,25.6212,23.851500,23.212000,1301750.00
04/24/2024,23.500000,23.764999,22.770000,22.889999,357900,0.0,0.0,-,NaN,25.7540,24.014000,23.334000,1302288.00
04/23/2024,23.049999,23.600000,23.010000,23.379999,585200,0.0,0.0,-,NaN,25.9118,24.159000,23.405000,1324706.00
04/22/2024,22.840000,23.219999,22.370001,22.969999,511000,0.0,0.0,-,NaN,26.0496,24.272500,23.496000,1342878.00
04/19/2024,22.750000,23.180000,22.490000,22.730000,883600,0.0,0.0,-,NaN,26.1542,24.425500,23.603000,1349940.00
04/18/2024,23.510000,23.740000,22.709999,22.790001,930000,0.0,0.0,-,NaN,26.2552,24.636000,23.748000,1343648.00
04/17/2024,23.799999,24.190001,23.160000,23.290001,1322100,0.0,0.0,-,NaN,26.3548,24.815000,23.905000,1341506.00
04/16/2024,23.750000,23.955000,23.250000,23.830000,1098000,0.0,0.0,-,NaN,26.4458,24.951000,24.004000,1335086.00
04/15/2024,23.820000,23.820000,22.975000,23.459999,771300,0.0,0.0,-,NaN,26.5228,25.011000,24.125000,1338538.00
04/12/2024,24.010000,24.290001,23.430000,23.760000,965500,0.0,0.0,-,NaN,26.5808,25.024500,24.319000,1347432.00
04/11/2024,23.639999,24.280001,23.420000,24.240000,1210800,0.0,0.0,-,NaN,26.6226,25.031500,24.491000,1349156.00
04/10/2024,23.490000,23.990000,23.271999,23.600000,1248500,0.0,0.0,-,NaN,26.6578,25.055500,24.694000,1340338.00
04/09/2024,24.000000,24.540001,23.900000,24.290001,967700,0.0,0.0,-,NaN,26.7048,25.132500,24.913000,1327180.00
04/08/2024,24.180000,24.330000,23.969999,24.040001,637000,0.0,0.0,-,NaN,26.7124,25.168000,25.049000,1314994.00
04/05/2024,24.250000,24.360001,23.920000,24.180000,645000,0.0,0.0,-,NaN,26.7372,25.227000,25.248000,1315608.00
04/04/2024,24.570000,25.330000,24.230000,24.360001,1055500,0.0,0.0,-,NaN,26.7484,25.336000,25.524000,1315358.00
04/03/2024,24.639999,24.905001,23.980000,24.280001,1078000,0.0,0.0,-,NaN,26.7602,25.368000,25.725000,1309116.00
04/02/2024,24.809999,25.180000,24.440001,25.040001,582000,0.0,0.0,-,NaN,26.7776,25.403000,25.898000,1299950.00
04/01/2024,25.480000,25.780001,25.000000,25.400000,660000,0.0,0.0,-,NaN,26.7820,25.492000,25.897000,1306864.00
03/28/2024,26.320000,26.530001,25.280001,25.480000,866300,0.0,0.0,-,NaN,26.7642,25.612000,25.730000,1331236.00
03/27/2024,26.080000,26.420000,25.691999,26.270000,591900,0.0,0.0,-,NaN,26.7668,25.663000,25.572000,1325582.00
03/26/2024,25.969999,26.180000,25.424999,25.790001,474800,0.0,0.0,-,NaN,26.7584,25.741000,25.417000,1325856.00
03/25/2024,26.000000,26.250000,25.415001,25.650000,568400,0.0,0.0,-,NaN,26.7664,25.905500,25.352000,1327324.00
03/22/2024,26.980000,27.139999,25.900000,26.030001,530300,0.0,0.0,-,NaN,26.7724,26.052500,25.287000,1339270.00
03/21/2024,26.320000,27.080000,26.150000,26.940001,1093800,0.0,0.0,-,NaN,26.7830,26.180500,25.206000,1349470.00
03/20/2024,26.200001,26.790001,25.780001,26.370001,1121700,0.0,0.0,-,NaN,26.7938,26.281500,25.148000,1336804.00
03/19/2024,24.760000,26.100000,24.480000,26.010000,1683900,0.0,0.0,-,NaN,26.8096,26.379000,25.011000,1328578.00
03/18/2024,24.490000,25.500000,24.100000,25.030001,1624300,0.0,0.0,-,NaN,26.8158,26.527000,24.908000,1304526.00
03/15/2024,23.754999,24.510000,22.820000,23.730000,5954000,0.0,0.0,-,NaN,26.8448,26.770500,25.087000,1286928.00
03/14/2024,24.590000,24.990000,23.410000,23.900000,2005900,0.0,0.0,-,NaN,26.9040,27.069500,25.494000,1181608.00
03/13/2024,25.100000,25.110001,24.670000,24.719999,882500,0.0,0.0,-,NaN,26.9662,27.415500,25.754000,1158922.00
03/12/2024,25.000000,25.740000,24.764999,25.139999,1529100,0.0,0.0,-,NaN,27.0274,27.662500,26.065000,1154960.00
03/11/2024,25.330000,25.379999,24.680000,25.000000,1158700,0.0,0.0,-,NaN,27.0878,27.944500,26.459000,1136774.00
03/08/2024,26.000000,26.488001,24.900000,25.219999,2164300,0.0,0.0,-,NaN,27.1520,28.208000,26.818000,1124546.00
03/07/2024,24.930000,26.500000,24.745001,26.360001,2488400,0.0,0.0,-,NaN,27.2148,28.357000,27.155000,1093136.00
03/06/2024,25.309999,25.500000,24.410000,25.000000,1901700,0.0,0.0,-,NaN,27.2688,28.428000,27.415000,1052598.00
03/05/2024,26.209999,26.209999,24.885000,24.980000,1190500,0.0,0.0,-,NaN,27.3406,28.566500,27.747000,1026126.00
03/04/2024,27.240000,27.405001,26.299999,26.820000,1317300,0.0,0.0,-,NaN,27.4116,28.709500,28.146000,1022700.00
03/01/2024,26.500000,28.434999,25.770000,27.799999,3223600,0.0,0.0,-,NaN,27.4220,28.752500,28.454000,1016844.00
02/29/2024,27.370001,28.860001,25.400000,26.500000,6168100,0.0,0.0,-,NaN,27.4300,28.680500,28.645000,977580.00
02/28/2024,27.700001,28.000000,26.170000,27.830000,3091300,0.0,0.0,-,NaN,27.4726,28.648000,29.077000,910834.00
02/27/2024,29.180000,30.080000,28.840000,29.080000,1423300,0.0,0.0,-,NaN,27.5234,28.556500,29.260000,865558.00
02/26/2024,28.590000,29.545000,28.520000,28.590000,741200,0.0,0.0,-,NaN,27.5438,28.400000,29.430000,857076.00
02/23/2024,28.930000,29.194000,28.510000,28.590000,507500,0.0,0.0,-,NaN,27.5760,28.204000,29.598000,853056.00
02/22/2024,29.100000,29.600000,28.440001,28.959999,735100,0.0,0.0,-,NaN,27.6076,28.038500,29.559000,852340.00
02/21/2024,28.320000,28.670000,28.020000,28.320000,440500,0.0,0.0,-,NaN,27.6260,27.827500,29.441000,851484.00
02/20/2024,29.500000,29.870001,28.115000,28.969999,524400,0.0,0.0,-,NaN,27.6344,27.659000,29.386000,858904.00
02/16/2024,29.570000,30.584999,29.250000,29.900000,1210000,0.0,0.0,-,NaN,27.6638,27.468000,29.273000,856908.00
02/15/2024,31.410000,31.600000,29.549999,29.709999,647000,0.0,0.0,-,NaN,27.6756,27.236000,29.051000,839826.00
02/14/2024,30.010000,31.062000,29.664000,30.820000,634500,0.0,0.0,-,NaN,27.6942,26.976000,28.716000,844292.00
02/13/2024,29.400000,30.730000,29.240000,29.660000,1111000,0.0,0.0,-,NaN,27.7102,26.715500,28.219000,843906.00
02/12/2024,30.530001,32.400002,30.309999,30.780001,1478800,0.0,0.0,-,NaN,27.7096,26.525000,27.853000,833882.00
02/09/2024,28.469999,30.299999,27.750000,30.270000,1493800,0.0,0.0,-,NaN,27.7152,26.295500,27.370000,816430.00
02/08/2024,27.160000,29.110001,26.650000,28.200001,864100,0.0,0.0,-,NaN,27.7152,26.079500,26.810000,800848.00
02/07/2024,27.799999,28.195000,27.149000,27.780001,569000,0.0,0.0,-,NaN,27.7484,25.997500,26.518000,797020.00
02/06/2024,28.110001,28.665001,26.969999,27.770000,822900,0.0,0.0,-,NaN,27.7638,25.982500,26.214000,790252.00
02/05/2024,28.760000,28.760000,27.170000,27.840000,1001100,0.0,0.0,-,NaN,27.7628,25.952000,25.932000,787846.00
02/02/2024,26.129999,28.250000,26.129999,27.680000,1270600,0.0,0.0,-,NaN,27.7576,25.876000,25.663000,777246.00
02/01/2024,26.070000,27.250000,26.000000,26.360001,1216000,0.0,0.0,-,NaN,27.7592,25.816000,25.421000,758686.00
01/31/2024,25.790001,26.600000,25.420000,25.850000,1051700,0.0,0.0,-,NaN,27.7826,25.832500,25.236000,746068.00
01/30/2024,25.760000,26.299999,25.299000,26.000000,769900,0.0,0.0,-,NaN,27.8026,25.890500,25.212000,738366.00
01/29/2024,24.500000,25.959999,24.355000,25.950001,590600,0.0,0.0,-,NaN,27.8566,25.979500,25.197000,746222.00
01/26/2024,25.500000,25.500000,24.629999,24.670000,358400,0.0,0.0,-,NaN,27.8858,26.090000,25.221000,746330.00
01/25/2024,24.969999,25.760000,24.660000,25.280001,667700,0.0,0.0,-,NaN,27.9052,26.267000,25.349000,751064.00
01/24/2024,25.459999,25.770000,24.120001,24.740000,632500,0.0,0.0,-,NaN,27.9056,26.421000,25.477000,750472.00
01/23/2024,25.340000,25.340000,24.445000,24.950001,743400,0.0,0.0,-,NaN,27.9094,26.637000,25.751000,762702.00
01/22/2024,25.629999,26.930000,25.139999,25.150000,619700,0.0,0.0,-,NaN,27.9612,26.819000,25.972000,788614.00
01/19/2024,24.570000,25.370001,24.091999,25.260000,927700,0.0,0.0,-,NaN,28.1084,26.988000,26.089000,798044.00
01/18/2024,26.219999,26.219999,23.930000,24.510000,1878600,0.0,0.0,-,NaN,28.2312,27.092000,26.211000,792374.00
01/17/2024,25.639999,26.250000,25.350000,25.610001,583600,0.0,0.0,-,NaN,28.3708,27.276500,26.429000,767928.00
01/16/2024,25.870001,26.285999,25.420000,25.850000,605600,0.0,0.0,-,NaN,28.4650,27.427500,26.569000,766990.00
01/12/2024,26.000000,26.990000,26.000000,26.190001,548200,0.0,0.0,-,NaN,28.5172,27.653500,26.762000,764196.00
01/11/2024,26.450001,26.757999,25.809999,25.950001,1165700,0.0,0.0,-,NaN,28.5632,27.849000,26.959000,760840.00
01/10/2024,27.709999,27.780001,26.459999,26.559999,1040300,0.0,0.0,-,NaN,28.6022,28.061500,27.185000,745064.00
01/09/2024,26.969999,27.680000,26.500000,27.480000,460500,0.0,0.0,-,NaN,28.6108,28.242000,27.365000,734242.00
01/08/2024,26.100000,27.750000,25.920000,27.160000,710400,0.0,0.0,-,NaN,28.6022,28.362000,27.523000,735820.00
01/05/2024,26.445000,26.790001,25.660000,26.320000,481300,0.0,0.0,-,NaN,28.6270,28.441000,27.666000,727588.00
01/04/2024,26.400000,26.990000,26.280001,26.480000,744400,0.0,0.0,-,NaN,28.6830,28.647000,27.887000,723046.00
01/03/2024,26.980000,27.000000,26.160000,26.690001,688000,0.0,0.0,-,NaN,28.7404,28.847500,27.973000,717690.00
01/02/2024,27.549999,27.667999,26.559999,27.010000,871600,0.0,0.0,-,NaN,28.7868,29.045000,28.124000,721864.00
12/29/2023,28.120001,28.610001,27.420000,27.780001,684400,0.0,0.0,-,NaN,28.8466,29.275500,28.286000,726102.00
12/28/2023,28.320000,28.629999,27.870001,28.160000,619800,0.0,0.0,-,NaN,28.9044,29.368000,28.545000,724324.00
12/27/2023,28.540001,28.705000,27.695000,28.209999,547300,0.0,0.0,-,NaN,28.9856,29.513000,28.739000,724344.00
12/26/2023,29.000000,29.490000,28.360001,28.360001,593800,0.0,0.0,-,NaN,29.0520,29.616000,28.938000,731470.00
12/22/2023,28.850000,29.750000,28.590000,29.059999,461500,0.0,0.0,-,NaN,29.1154,29.691000,29.119000,736582.00
12/21/2023,29.070000,29.490000,28.530001,28.590000,578100,0.0,0.0,-,NaN,29.1946,29.665500,29.201000,747644.00
12/20/2023,27.170000,29.459999,26.799999,28.530001,1019200,0.0,0.0,-,NaN,29.2936,29.622000,29.216000,757574.00
12/19/2023,28.740000,28.799999,27.240000,27.340000,1024500,0.0,0.0,-,NaN,29.4170,29.574500,29.407000,747520.00
12/18/2023,28.690001,28.870001,27.625999,28.200001,1260400,0.0,0.0,-,NaN,29.5458,29.595500,29.722000,735656.00
12/15/2023,30.320000,30.427000,28.620001,28.629999,2830800,0.0,0.0,-,NaN,29.6342,29.562000,29.966000,721376.00
12/14/2023,31.000000,31.459999,30.020000,30.370001,827500,0.0,0.0,-,NaN,29.6876,29.473000,30.265000,674990.00
12/13/2023,30.170000,30.500000,28.930000,30.100000,999200,0.0,0.0,-,NaN,29.7366,29.389500,30.191000,677696.00
12/12/2023,30.450001,30.580000,29.545000,30.200001,540200,0.0,0.0,-,NaN,29.7594,29.255000,30.287000,684754.00
12/11/2023,29.650000,30.455000,29.080000,30.170000,471700,0.0,0.0,-,NaN,29.8248,29.027000,30.294000,684664.00
12/08/2023,28.690001,29.889999,28.674999,29.879999,692300,0.0,0.0,-,NaN,29.9114,28.783500,30.263000,697798.00
12/07/2023,30.570000,30.959999,28.690001,28.740000,811500,0.0,0.0,-,NaN,30.0398,28.536000,30.130000,711234.00
12/06/2023,30.760000,31.860001,30.290001,30.440001,424600,0.0,0.0,-,NaN,30.1664,28.476000,30.028000,714690.00
12/05/2023,31.230000,31.309999,29.787001,30.490000,355900,0.0,0.0,-,NaN,30.2398,28.579500,29.742000,756368.00
12/04/2023,32.000000,32.959999,30.160000,30.639999,870300,0.0,0.0,-,NaN,30.3232,28.625000,29.469000,786060.00
12/01/2023,29.389999,31.940001,29.190001,31.620001,615200,0.0,0.0,-,NaN,30.3782,28.667500,29.158000,804728.00
11/30/2023,31.570000,32.150002,29.459999,29.629999,609800,0.0,0.0,-,NaN,30.4202,28.602500,28.681000,895180.00
11/29/2023,30.570000,32.310001,30.570000,31.059999,606200,0.0,0.0,-,NaN,NaN,28.544000,28.588000,NaN
11/28/2023,29.639999,31.045000,29.174999,30.270000,714700,0.0,0.0,-,NaN,NaN,28.415500,28.223000,NaN
11/27/2023,28.670000,30.240000,28.034000,29.860001,672700,0.0,0.0,-,NaN,NaN,28.297000,27.760000,NaN
11/24/2023,27.719999,29.250000,27.327000,28.549999,230600,0.0,0.0,-,NaN,NaN,28.153500,27.304000,NaN
11/22/2023,27.459999,28.030001,26.950001,27.719999,702600,0.0,0.0,-,NaN,NaN,28.078500,26.942000,NaN
11/21/2023,27.410000,28.368000,27.410000,27.580000,471100,0.0,0.0,-,NaN,NaN,28.112500,26.924000,NaN
11/20/2023,27.799999,28.618999,27.280001,27.760000,342600,0.0,0.0,-,NaN,NaN,28.189500,27.417000,NaN
11/17/2023,27.400000,28.150000,26.950001,27.530001,585100,0.0,0.0,-,NaN,NaN,28.269000,27.781000,NaN
11/16/2023,28.540001,29.000000,26.209999,26.850000,666600,0.0,0.0,-,NaN,NaN,28.343000,28.177000,NaN
11/15/2023,27.879999,29.520000,27.510000,28.700001,1162700,0.0,0.0,-,NaN,NaN,28.500500,28.524000,NaN
11/14/2023,26.459999,28.094999,26.365000,27.410000,596000,0.0,0.0,-,NaN,NaN,28.599000,28.500000,NaN
11/13/2023,25.629999,26.730000,24.980000,25.639999,595100,0.0,0.0,-,NaN,NaN,28.839500,28.608000,NaN
11/10/2023,25.010000,25.650000,24.350000,25.299999,638100,0.0,0.0,-,NaN,NaN,29.134000,28.834000,NaN
11/09/2023,28.020000,28.323000,24.400000,24.930000,1244000,0.0,0.0,-,NaN,NaN,29.445500,29.003000,NaN
11/08/2023,31.000000,31.500000,26.995001,27.540001,2039000,0.0,0.0,-,NaN,NaN,29.850000,29.215000,NaN
11/07/2023,31.410000,33.070000,31.260000,32.509998,1091200,0.0,0.0,-,NaN,NaN,30.150000,29.300999,NaN
11/06/2023,31.580000,32.869999,31.180000,31.400000,644200,0.0,0.0,-,NaN,NaN,30.259500,28.962000,NaN
11/03/2023,30.420000,32.770000,30.420000,31.490000,656300,0.0,0.0,-,NaN,NaN,30.378500,28.757000,NaN
11/02/2023,30.500000,30.590000,28.750000,30.320000,536700,0.0,0.0,-,NaN,NaN,30.435000,28.509000,NaN
11/01/2023,28.389999,28.629999,27.090000,28.459999,465900,0.0,0.0,-,NaN,NaN,30.484000,28.477000,NaN
10/31/2023,28.100000,28.650000,27.290001,28.490000,380400,0.0,0.0,-,NaN,NaN,30.702000,28.698000,NaN
10/30/2023,27.459999,28.559999,27.010000,27.900000,376900,0.0,0.0,-,NaN,NaN,30.839500,29.071000,NaN
10/27/2023,27.160000,27.700001,26.150000,26.990000,499200,0.0,0.0,-,NaN,NaN,31.118000,29.434000,NaN
10/26/2023,28.320000,28.370001,26.850000,27.049999,539400,0.0,0.0,-,NaN,NaN,31.493500,29.888000,NaN
10/25/2023,28.950001,29.600000,27.879999,28.400000,298800,0.0,0.0,-,NaN,NaN,31.956000,30.485000,NaN
10/24/2023,29.549999,30.549999,28.900000,29.120001,254200,0.0,0.0,-,NaN,NaN,32.289500,30.999001,NaN
10/23/2023,28.790001,30.219999,28.219999,29.350000,476600,0.0,0.0,-,NaN,NaN,32.539000,31.557001,NaN
10/20/2023,30.000000,30.040001,27.400000,29.010000,896700,0.0,0.0,-,NaN,NaN,32.804500,32.000000,NaN
10/19/2023,30.790001,31.629999,29.889999,30.000000,1083500,0.0,0.0,-,NaN,NaN,33.023500,32.361000,NaN
10/18/2023,32.220001,32.369999,30.010000,30.670000,595500,0.0,0.0,-,NaN,NaN,33.209500,32.491000,NaN
10/17/2023,31.510000,32.650002,30.500000,32.220001,620800,0.0,0.0,-,NaN,NaN,NaN,32.706000,NaN
10/16/2023,31.240000,32.520000,30.250000,31.530001,903600,0.0,0.0,-,NaN,NaN,NaN,32.608000,NaN
10/13/2023,33.450001,34.025002,31.299999,31.530001,849400,0.0,0.0,-,NaN,NaN,NaN,32.802000,NaN
10/12/2023,33.830002,33.830002,32.250000,33.020000,1014600,0.0,0.0,-,NaN,NaN,NaN,33.099000,NaN
10/11/2023,34.810001,35.660000,33.020000,33.540001,1074600,0.0,0.0,-,NaN,NaN,NaN,33.427000,NaN
10/10/2023,34.040001,35.450001,33.340000,34.700001,516500,0.0,0.0,-,NaN,NaN,NaN,33.580000,NaN
10/09/2023,32.490002,34.160000,32.110001,33.779999,431300,0.0,0.0,-,NaN,NaN,NaN,33.521000,NaN
10/06/2023,31.459999,33.540001,30.709999,32.619999,546400,0.0,0.0,-,NaN,NaN,NaN,33.609000,NaN
10/05/2023,32.400002,32.790001,31.096001,31.299999,511500,0.0,0.0,-,NaN,NaN,NaN,33.686000,NaN
10/04/2023,31.480000,33.599998,30.440001,32.820000,962800,0.0,0.0,-,NaN,NaN,NaN,33.928000,NaN
10/03/2023,33.000000,33.189999,30.250000,31.240000,1352100,0.0,0.0,-,NaN,NaN,NaN,NaN,NaN
10/02/2023,34.500000,35.270000,33.150002,33.470001,535700,0.0,0.0,-,NaN,NaN,NaN,NaN,NaN
09/29/2023,36.630001,36.705002,33.500000,34.500000,1128400,0.0,0.0,-,NaN,NaN,NaN,NaN,NaN
09/28/2023,35.000000,37.360001,34.849998,36.299999,1364100,0.0,0.0,-,NaN,NaN,NaN,NaN,NaN
09/27/2023,34.000000,36.200001,34.000000,35.070000,984300,0.0,0.0,-,NaN,NaN,NaN,NaN,NaN
09/26/2023,33.860001,35.619999,33.310001,34.110001,2508500,0.0,0.0,-,NaN,NaN,NaN,NaN,NaN
09/25/2023,32.990002,34.740002,31.309999,34.660000,1840500,0.0,0.0,-,NaN,NaN,NaN,NaN,NaN
09/22/2023,34.220001,34.400002,31.549999,33.389999,1803700,0.0,0.0,-,NaN,NaN,NaN,NaN,NaN
09/21/2023,32.060001,34.869999,31.299999,33.720001,5137800,0.0,0.0,-,NaN,NaN,NaN,NaN,NaN
